pair,control,region,nL,nR,nl_cells,nr_cells,dL_min,dL_max,dR_min,dR_max,T0,T_lo,T_hi,width,certified_pos,certified_neg
CD274->PDCD1,True,0,3266,385,23621,8415,-2163,3591,-274,1130,-1.5214520463150403,-1.8336229514335274,-0.8958590255599161,0.9377639258736112,False,True
CD274->PDCD1,True,1,3985,190,24409,3869,-2592,3545,-151,578,-1.4571921465902127,-1.8152759750317453,-0.8243593350239456,0.9909166400077997,False,True
CD274->PDCD1,True,2,2560,377,12429,7722,-1659,3263,-300,934,-1.3679123693785082,-1.7761846268383308,-0.6244267072137829,1.151757919624548,False,True
CXCL12->CXCR4,True,0,22437,4337,15566,8415,-10620,18711,-3358,2194,0.9791381986451859,-0.3657465848002879,2.004107813973565,2.3698543987738527,False,False
CXCL12->CXCR4,True,1,6286,1677,4770,3869,-3252,9672,-1300,944,0.7628465600307425,-0.5590939853141197,2.1788171202908817,2.7379111056050016,False,False
CXCL12->CXCR4,True,2,19485,3822,11879,7722,-9772,18572,-3052,1768,1.0905012095458555,-0.33967108807007856,2.180467800420594,2.5201388884906724,False,False
CCL5->CCR7,True,0,11026,2024,4759,8415,-5810,5453,-1583,4006,1.0607108787718518,-0.18171153217508362,2.2693128445896393,2.451024376764723,False,False
CCL5->CCR7,True,1,4528,560,2167,3869,-2705,2691,-456,1380,0.7394772537435177,-0.5008690168164562,1.939896079692337,2.4407650965087933,False,False
CCL5->CCR7,True,2,7319,1809,3190,7722,-4209,4139,-1520,3930,1.0368907178481557,-0.33522491885654127,2.3468129451634767,2.682037864020018,False,False
PECAM1->KDR,True,0,161,154,1322,1322,-118,885,-111,2155,-1.3833620902152606,-1.8181496857407888,1.5364816357004827,3.3546313214412713,False,False
PECAM1->KDR,True,1,62,54,568,568,-48,499,-40,1106,-1.4639865750904553,-1.8611571980850412,1.9191683190473534,3.7803255171323946,False,False
PECAM1->KDR,True,2,45,94,570,570,-40,550,-75,1509,-1.3772599656873004,-1.8817996146456881,2.354366544782293,4.236166159427981,False,False
CD163->CD3D,True,0,4196,17780,4759,8415,-2491,7456,-12739,27769,1.8520905474141105,-0.08424284683999986,4.123788714543191,4.208031561383191,False,False
CD163->CD3D,True,1,1799,9020,2167,3869,-1178,3831,-6846,18718,1.9131124569580993,-0.2596995159704093,4.570459789863595,4.8301593058340035,False,False
CD163->CD3D,True,2,2539,10598,3190,7722,-1656,5385,-8303,18342,1.2789032827784887,-0.6913615591252777,3.6639469373719344,4.355308496497212,False,False
ERBB2->EGFR,False,0,15921,12152,23621,23621,-9764,13789,-8490,5845,0.2521640002692686,-1.0050440776467298,1.1493591108280414,2.154403188474771,False,False
ERBB2->EGFR,False,1,12546,4392,24409,24409,-8063,10484,-3060,2975,-0.5364896855066076,-1.3992037821430268,0.21091669020147474,1.6101204723445015,False,False
ERBB2->EGFR,False,2,7148,3923,12429,12429,-4619,9453,-2497,2320,-0.18952858991351365,-1.2093986873246743,0.8796083924050572,2.0890070797297313,False,False
ERBB2->PDCD1,False,0,15921,385,23621,8415,-9764,13789,-274,1130,-0.6422279390169983,-1.3571133386992458,0.25743606048635825,1.614549399185604,False,False
ERBB2->PDCD1,False,1,12546,190,24409,3869,-8063,10484,-151,578,-0.8447929061625742,-1.5198495640347807,0.011909439348809947,1.5317590033835906,False,False
ERBB2->PDCD1,False,2,7148,377,12429,7722,-4619,9453,-300,934,-0.7611112447748362,-1.4789388617130106,0.298051765402922,1.7769906271159326,False,False
ESR1->PGR,False,0,4569,4547,23621,23621,-3250,7167,-2669,9573,-1.0582964969550863,-1.6343637461076836,0.1300225699319967,1.7643863160396804,False,False
ESR1->PGR,False,1,2528,3521,24409,24409,-1794,3438,-2041,5974,-1.3627182273486054,-1.7506132886833754,-0.5955664631597772,1.1550468255235982,False,True
ESR1->PGR,False,2,2229,2782,12429,12429,-1601,4530,-1653,7664,-1.024071648899783,-1.620285279779975,0.484578989310178,2.104864269090153,False,False
PGR->ESR1,False,0,4547,4569,23621,23621,-2669,9573,-3250,7167,-1.0582964969550863,-1.6343637461076836,0.1300225699319967,1.7643863160396804,False,False
PGR->ESR1,False,1,3521,2528,24409,24409,-2041,5974,-1794,3438,-1.3627182273486054,-1.7506132886833754,-0.5955664631597772,1.1550468255235982,False,True
PGR->ESR1,False,2,2782,2229,12429,12429,-1653,7664,-1601,4530,-1.024071648899783,-1.620285279779975,0.484578989310178,2.104864269090153,False,False
CD274->CTLA4,False,0,3266,6181,23621,8415,-2163,3591,-4541,2056,-0.34381631484434666,-1.396333284478328,0.22493177786289847,1.6212650623412266,False,False
CD274->CTLA4,False,1,3985,2373,24409,3869,-2592,3545,-1770,1149,-0.43746469379118846,-1.4526246719649478,0.18932189710943048,1.6419465690743782,False,False
CD274->CTLA4,False,2,2560,5672,12429,7722,-1659,3263,-4361,1959,-0.19836566068317518,-1.3829254629296304,0.5274090105084865,1.910334473438117,False,False
CD274->CD8A,False,0,3266,125,23621,8415,-2163,3591,-108,1277,-1.6055320182662198,-1.8653726429054924,-0.9246324006829179,0.9407402422225746,False,True
CD274->CD8A,False,1,3985,29,24409,3869,-2592,3545,-26,468,-1.570887892237102,-1.8418361838758863,-0.9768073614072605,0.8650288224686258,False,True
CD274->CD8A,False,2,2560,77,12429,7722,-1659,3263,-65,691,-1.4738328458491243,-1.8001962367115378,-0.7844484197321462,1.0157478169793916,False,True
CXCL12->CCR7,False,0,22437,2024,15566,8415,-10620,18711,-1583,4006,0.5237216065073897,-0.52374262380531,1.9351787803094187,2.4589214041147285,False,False
CXCL12->CCR7,False,1,6286,560,4770,3869,-3252,9672,-456,1380,0.2289990589980122,-0.7404153910615136,1.945217855241422,2.6856332463029355,False,False
CXCL12->CCR7,False,2,19485,1809,11879,7722,-9772,18572,-1520,3930,0.6521801910568219,-0.49788350865212244,2.203035218855788,2.7009187275079105,False,False
CCL5->CXCR4,False,0,11026,4337,4759,8415,-5810,5453,-3358,2194,1.5161274709096482,-0.023715493170061497,2.3382418782537857,2.361957371423847,False,False
CCL5->CXCR4,False,1,4528,1677,2167,3869,-2705,2691,-1300,944,1.273324754776248,-0.3195476110690623,2.173495344741797,2.4930429558108593,False,False
CCL5->CXCR4,False,2,7319,3822,3190,7722,-4209,4139,-3052,1768,1.4752117363371893,-0.1770124982744974,2.3242455267282827,2.5012580250027803,False,False
PECAM1->PDCD1,False,0,161,385,1322,8415,-118,885,-274,1130,-1.5591954280446085,-1.8715078248031152,-0.18757683225421595,1.6839309925488992,False,True
PECAM1->PDCD1,False,1,62,190,568,3869,-48,499,-151,578,-1.5799562769978879,-1.9017828085926336,0.05539430084366059,1.9571771094362942,False,False
PECAM1->PDCD1,False,2,45,377,570,7722,-40,550,-300,934,-1.6540868613759763,-1.9464204620774737,0.04828932534095187,1.9947097874184254,False,False
PECAM1->CTLA4,False,0,161,6181,1322,8415,-118,885,-4541,2056,-0.3815596965739149,-1.4342181578479158,0.9332139711685986,2.3674321290165143,False,False
PECAM1->CTLA4,False,1,62,2373,568,3869,-48,499,-1770,1149,-0.5602288241988636,-1.539131505525836,1.0690755329770367,2.608207038502873,False,False
PECAM1->CTLA4,False,2,45,5672,570,7722,-40,550,-4361,1959,-0.48454015268064343,-1.553161298168773,1.2001250430632213,2.7532863412319943,False,False
CD163->CCR7,False,0,4196,2024,4759,8415,-2491,7456,-1583,4006,0.03305835462523771,-1.0766969873054795,1.8427671602463045,2.9194641475517837,False,False
CD163->CCR7,False,1,1799,560,2167,3869,-1178,3831,-456,1380,-0.22158860498933042,-1.2708033259083962,1.6334153556900746,2.9042186815984707,False,False
CD163->CCR7,False,2,2539,1809,3190,7722,-1656,5385,-1520,3930,-0.07164385433905107,-1.2602434543318386,1.891313449540585,3.1515569038724234,False,False
CD163->CXCR4,False,0,4196,4337,4759,8415,-2491,7456,-3358,2194,0.48847494676303393,-0.9187009483004573,1.9116961939104509,2.8303971422109084,False,False
CD163->CXCR4,False,1,1799,1677,2167,3869,-1178,3831,-1300,944,0.31225889604339985,-1.0894819201610022,1.8670146207395342,2.9564965409005364,False,False
CD163->CXCR4,False,2,2539,3822,3190,7722,-1656,5385,-3052,1768,0.36667716414998247,-1.1020310337497947,1.868746031105391,2.9707770648551857,False,False
ACTA2->EGFR,False,0,186,12152,86,23621,-143,758,-8490,5845,1.433647422462513,-0.6103637208802047,3.8562468563217203,4.466610577201925,False,False
ACTA2->EGFR,False,1,35,4392,55,24409,-29,371,-3060,2975,-0.37210959333653637,-1.5658289507252463,2.659869609728636,4.225698560453882,False,False
ACTA2->EGFR,False,2,69,3923,39,12429,-67,452,-2497,2320,0.8881950195123836,-1.5611087328121185,3.7960529367429334,5.357161669555052,False,False
ACTA2->ERBB2,False,0,186,15921,86,23621,-143,758,-9764,13789,1.6443946445964475,-0.3946803567665251,4.33439529401492,4.729075650781445,False,False
ACTA2->ERBB2,False,1,35,12546,55,24409,-29,371,-8063,10484,0.20446905010478336,-1.2639158775515547,3.508104019867189,4.772019897418744,False,False
ACTA2->ERBB2,False,2,69,7148,39,12429,-67,452,-4619,9453,1.2866830530156013,-1.3665648828328565,4.6690526334069276,6.035617516239784,False,False
KRT8->ERBB2,False,0,2937,15921,8990,23621,-2193,3151,-9764,13789,-0.04311500281755534,-1.1737100104992753,1.0491094046424283,2.2228194151417036,False,False
KRT8->ERBB2,False,1,3476,12546,15369,24409,-2489,2015,-8063,10484,-0.4415771560651376,-1.374315173922354,0.307409964602285,1.681725138524639,False,False
KRT8->ERBB2,False,2,2265,7148,7784,12429,-1628,2900,-4619,9453,-0.23380441977117186,-1.288746589403706,1.0948255919881955,2.3835721813919015,False,False
CDH1->EGFR,False,0,14072,12152,8990,23621,-10753,29747,-8490,5845,1.0670560959946545,-0.8126235810983413,2.7616536166587307,3.574277197757072,False,False
CDH1->EGFR,False,1,16234,4392,15369,24409,-11986,23712,-3060,2975,0.08156945459227727,-1.2156853888945127,1.313203535842256,2.5288889247367687,False,False
CDH1->EGFR,False,2,11155,3923,7784,12429,-8452,19709,-2497,2320,0.6568839509718192,-0.9411103192941725,2.1619827873969157,3.1030931066910883,False,False
CDH1->ERBB2,False,0,14072,15921,8990,23621,-10753,29747,-9764,13789,1.2778033181285888,-0.5969402169846617,3.2398020543519306,3.8367422713365924,False,False
CDH1->ERBB2,False,1,16234,12546,15369,24409,-11986,23712,-8063,10484,0.658148098033597,-0.9137723157208212,2.161437945980809,3.0752102617016304,False,False
CDH1->ERBB2,False,2,11155,7148,7784,12429,-8452,19709,-4619,9453,1.0553719844750369,-0.7465664693149107,3.03498248406091,3.7815489533758204,False,False
CD3D->ERBB2,False,0,17780,15921,8415,23621,-12739,27769,-9764,13789,1.6171040122309759,-0.25842423221098504,3.377603603755929,3.636027835966914,False,False
CD3D->ERBB2,False,1,9020,12546,3869,24409,-6846,18718,-8063,10484,1.5215354814799946,-0.46199431650134953,3.4686693997394737,3.930663716240823,False,False
CD3D->ERBB2,False,2,10598,7148,7722,12429,-8303,18342,-4619,9453,1.009401039800125,-0.834408741286354,2.9629973839198978,3.7974061252062516,False,False
MS4A1->CD274,False,0,405,3266,2172,23621,-255,3017,-2163,3591,-1.1905123416173597,-1.6845353294007936,0.7139221005822056,2.398457429982999,False,False
MS4A1->CD274,False,1,343,3985,991,24409,-266,2112,-2592,3545,-0.8334290350824243,-1.6356811296838143,1.2673092716104566,2.9029904012942707,False,False
MS4A1->CD274,False,2,268,2560,1695,12429,-196,3002,-1659,3263,-1.1059161625883855,-1.6870369774097953,1.2343089485078316,2.9213459259176267,False,False
CD68->CD274,False,0,4,3266,4759,23621,-3,160,-2163,3591,-1.6453453251872574,-1.8705837951049606,-1.2433846720835169,0.6271991230214438,False,True
CD68->CD274,False,1,8,3985,2167,24409,-7,101,-2592,3545,-1.5817417845631652,-1.8427408659030315,-1.1684031114035414,0.6743377544994902,False,True
CD68->CD274,False,2,3,2560,3190,12429,-1,146,-1659,3263,-1.499610418533075,-1.8028652950390258,-0.9173308119574846,0.8855344830815413,False,True
