pair,region,T0,p_pos,p_neg,q_pos,q_neg
ACTA2->EGFR,0,2.6347834693163676,0.000999000999000999,1.0,0.0010406260406260407,1.0
ACTA2->EGFR,1,1.8076959255387175,0.000999000999000999,1.0,0.0010858706510880425,1.0
ACTA2->EGFR,2,2.2372515121777097,0.000999000999000999,1.0,0.0010406260406260407,1.0
ACTA2->ERBB2,0,7.252290812831815,0.000999000999000999,1.0,0.0010406260406260407,1.0
ACTA2->ERBB2,1,6.771191599492288,0.000999000999000999,1.0,0.0010858706510880425,1.0
ACTA2->ERBB2,2,6.899538059465785,0.000999000999000999,1.0,0.0010406260406260407,1.0
CCL5->CCR7,0,-0.30016057591796386,0.000999000999000999,1.0,0.0010406260406260407,1.0
CCL5->CCR7,1,-0.47651002531341485,0.000999000999000999,1.0,0.0010858706510880425,1.0
CCL5->CCR7,2,-0.25593913640269,0.000999000999000999,1.0,0.0010406260406260407,1.0
CCL5->CXCR4,0,1.7771508395764717,0.000999000999000999,1.0,0.0010406260406260407,1.0
CCL5->CXCR4,1,1.586842868072419,0.000999000999000999,1.0,0.0010858706510880425,1.0
CCL5->CXCR4,2,1.84323971564984,0.000999000999000999,1.0,0.0010406260406260407,1.0
CD163->CCR7,0,1.5161274709096482,0.000999000999000999,1.0,0.0010406260406260407,1.0
CD163->CCR7,1,1.273324754776248,0.000999000999000999,1.0,0.0010858706510880425,1.0
CD163->CCR7,2,1.4752117363371893,0.000999000999000999,1.0,0.0010406260406260407,1.0
CD163->CD3D,0,1.7980468517834443,0.000999000999000999,1.0,0.0010406260406260407,1.0
CD163->CD3D,1,1.527577380847403,0.000999000999000999,1.0,0.0010858706510880425,1.0
CD163->CD3D,2,1.7864722790860674,0.000999000999000999,1.0,0.0010406260406260407,1.0
CD163->CXCR4,0,3.5934388864040834,0.000999000999000999,1.0,0.0010406260406260407,1.0
CD163->CXCR4,1,3.3366776481620817,0.000999000999000999,1.0,0.0010858706510880425,1.0
CD163->CXCR4,2,3.5743905883897193,0.000999000999000999,1.0,0.0010406260406260407,1.0
CD274->CD8A,0,-0.08567865358192217,0.000999000999000999,1.0,0.0010406260406260407,1.0
CD274->CD8A,1,-0.19077913270615487,0.000999000999000999,1.0,0.0010858706510880425,1.0
CD274->CD8A,2,-0.1483343732222342,0.000999000999000999,1.0,0.0010406260406260407,1.0
CD274->CTLA4,0,-0.9190331280366805,0.000999000999000999,1.0,0.0010406260406260407,1.0
CD274->CTLA4,1,-0.9347907818109168,0.000999000999000999,1.0,0.0010858706510880425,1.0
CD274->CTLA4,2,-0.9398139039097085,0.000999000999000999,1.0,0.0010406260406260407,1.0
CD274->PDCD1,0,-1.8819667151327097,1.0,0.000999000999000999,1.0,0.024975024975024976
CD274->PDCD1,1,-1.9331533195797679,0.33666333666333664,0.6643356643356644,0.33666333666333664,1.0
CD274->PDCD1,2,-1.9085257587714026,1.0,0.000999000999000999,1.0,0.024975024975024976
CD3D->ERBB2,0,4.4687801528335696,0.000999000999000999,1.0,0.0010406260406260407,1.0
CD3D->ERBB2,1,4.4383147015366236,0.000999000999000999,1.0,0.0010858706510880425,1.0
CD3D->ERBB2,2,4.46375645817517,0.000999000999000999,1.0,0.0010406260406260407,1.0
CD68->CD274,0,1.1070324782484586,0.000999000999000999,1.0,0.0010406260406260407,1.0
CD68->CD274,1,1.0333365155745295,0.000999000999000999,1.0,0.0010858706510880425,1.0
CD68->CD274,2,0.9837853611308206,0.000999000999000999,1.0,0.0010406260406260407,1.0
CDH1->EGFR,0,1.0111513767599147,0.000999000999000999,1.0,0.0010406260406260407,1.0
CDH1->EGFR,1,0.8777437453732658,0.13586413586413587,0.8651348651348651,0.14152514152514153,1.0
CDH1->EGFR,2,1.3432749534583897,0.000999000999000999,1.0,0.0010406260406260407,1.0
CDH1->ERBB2,0,5.628658720275363,0.000999000999000999,1.0,0.0010406260406260407,1.0
CDH1->ERBB2,1,5.841239419326836,0.000999000999000999,1.0,0.0010858706510880425,1.0
CDH1->ERBB2,2,6.005561500746465,0.000999000999000999,1.0,0.0010406260406260407,1.0
CXCL12->CCR7,0,2.9836663605812483,0.000999000999000999,1.0,0.0010406260406260407,1.0
CXCL12->CCR7,1,2.366214969061144,0.000999000999000999,1.0,0.0010858706510880425,1.0
CXCL12->CCR7,2,3.217750537784923,0.000999000999000999,1.0,0.0010406260406260407,1.0
CXCL12->CXCR4,0,5.060977776075684,0.000999000999000999,1.0,0.0010406260406260407,1.0
CXCL12->CXCR4,1,4.429567862446977,0.000999000999000999,1.0,0.0010858706510880425,1.0
CXCL12->CXCR4,2,5.316929389837453,0.000999000999000999,1.0,0.0010406260406260407,1.0
ERBB2->EGFR,0,3.7121485996475037,0.000999000999000999,1.0,0.0010406260406260407,1.0
ERBB2->EGFR,1,3.6033535937814882,0.000999000999000999,1.0,0.0010858706510880425,1.0
ERBB2->EGFR,2,3.657314884810975,0.000999000999000999,1.0,0.0010406260406260407,1.0
ERBB2->PDCD1,0,3.211718844639491,0.000999000999000999,1.0,0.0010406260406260407,1.0
ERBB2->PDCD1,1,3.319512302569594,0.000999000999000999,1.0,0.0010858706510880425,1.0
ERBB2->PDCD1,2,3.1970550419971535,0.000999000999000999,1.0,0.0010406260406260407,1.0
ESR1->PGR,0,-0.7104209369794624,0.000999000999000999,1.0,0.0010406260406260407,1.0
ESR1->PGR,1,-1.4520464428580437,0.000999000999000999,1.0,0.0010858706510880425,1.0
ESR1->PGR,2,-1.1716178269855715,0.000999000999000999,1.0,0.0010406260406260407,1.0
KRT8->ERBB2,0,6.390472131501996,0.000999000999000999,1.0,0.0010406260406260407,1.0
KRT8->ERBB2,1,6.551501620804681,0.000999000999000999,1.0,0.0010858706510880425,1.0
KRT8->ERBB2,2,6.783439762366667,0.000999000999000999,1.0,0.0010406260406260407,1.0
MS4A1->CD274,0,-0.6484371267435424,0.000999000999000999,1.0,0.0010406260406260407,1.0
MS4A1->CD274,1,-1.072577134520562,0.000999000999000999,1.0,0.0010858706510880425,1.0
MS4A1->CD274,2,-0.3941098161926275,0.000999000999000999,1.0,0.0010406260406260407,1.0
PECAM1->CTLA4,0,3.1597252753177187,0.000999000999000999,1.0,0.0010406260406260407,1.0
PECAM1->CTLA4,1,2.9648543965803205,0.000999000999000999,1.0,0.0010858706510880425,1.0
PECAM1->CTLA4,2,2.9765615422405336,0.000999000999000999,1.0,0.0010406260406260407,1.0
PECAM1->KDR,0,3.9675085931976244,0.000999000999000999,1.0,0.0010406260406260407,1.0
PECAM1->KDR,1,4.219448923182984,0.000999000999000999,1.0,0.0010858706510880425,1.0
PECAM1->KDR,2,4.311632279266278,0.000999000999000999,1.0,0.0010406260406260407,1.0
PECAM1->PDCD1,0,2.1967916882216896,0.000999000999000999,1.0,0.0010406260406260407,1.0
PECAM1->PDCD1,1,1.9664918588114697,0.000999000999000999,1.0,0.0010858706510880425,1.0
PECAM1->PDCD1,2,2.0078496873788394,0.000999000999000999,1.0,0.0010406260406260407,1.0
PGR->ESR1,0,-0.7104209369794624,0.000999000999000999,1.0,0.0010406260406260407,1.0
PGR->ESR1,1,-1.4520464428580437,0.000999000999000999,1.0,0.0010858706510880425,1.0
PGR->ESR1,2,-1.1716178269855715,0.000999000999000999,1.0,0.0010406260406260407,1.0
