run_id,arm,B,tested_share,n_rows,n_cert_pos,n_cert_neg,n_nonid,violations,inj_cert_any,inj_T_lo,inj_q_pos,target_pct
E001F10,E,250,13.843,75,0,12,63,0,False,-1.1737100104992753,1.0,
E001F40,E,250,13.843,75,0,14,61,0,False,-0.6336621241399458,0.06640106241699867,
E002F10,E,250,13.843,75,22,0,53,0,True,1.5442365471106667,0.005858917272088118,
E002F40,E,250,13.843,75,20,0,55,0,True,1.742857977308414,0.007114399544678429,
E003F10,E,250,13.843,75,3,5,67,0,False,-0.3221529764275368,1.0,
E003F40,E,250,13.843,75,3,8,64,0,False,0.1965313383562705,1.0,
M0051,M,250,0.5,75,0,11,64,0,False,-1.487723663788458,0.005242189138184105,0.5
M0052,M,250,0.5,75,0,8,67,0,False,-1.4809201825082987,0.005533421868083223,0.5
M0101,M,250,1.0,75,0,2,73,0,False,-1.0840488591147,0.005242189138184105,1.0
M0102,M,250,1.0,75,0,6,69,0,False,-1.084376301369601,0.0049800796812749,1.0
M0401,M,250,4.0,75,17,9,49,0,True,0.4764405269903798,0.0049800796812749,4.0
M0402,M,250,4.0,75,17,9,49,0,True,0.4861568682963991,0.0049800796812749,4.0
M0801,M,250,8.0,75,30,9,36,0,True,1.701835034994704,0.0049800796812749,8.0
M0802,M,250,8.0,75,33,9,33,0,True,1.6935590083555414,0.0049800796812749,8.0
N01,N,250,13.843,75,2,15,58,0,,,,
N02,N,250,13.843,75,6,13,56,0,,,,
N03,N,250,13.843,75,0,22,53,0,,,,
N04,N,250,13.843,75,0,13,62,0,,,,
N05,N,250,13.843,75,4,19,52,0,,,,
N06,N,250,13.843,75,0,13,62,0,,,,
SMOKE_E101,E,10,13.843,75,0,0,75,0,False,-1.1737100104992753,1.0,
SMOKE_N01,N,10,13.843,75,0,0,75,0,,,,
