pair,region,p_pos,p_neg,T_lo_perm_med,T_hi_perm_med,q_pos,q_neg
CD274->PDCD1,0,1.0,0.0,-1.936737213903783,-1.6888918013803509,1.0,0.0
CD274->PDCD1,1,0.808,0.0,-1.9749659261686556,-1.7996789287796886,0.9181818181818183,0.0
CD274->PDCD1,2,1.0,0.0,-1.9432411535106877,-1.6126009296153037,1.0,0.0
CXCL12->CXCR4,0,0.0,1.0,0.6210078422970049,4.8461266749364516,0.0,1.0
CXCL12->CXCR4,1,0.0,1.0,-0.698064071580966,3.844162731264985,0.0,1.0
CXCL12->CXCR4,2,0.0,1.0,0.7703179696481381,5.316917020426013,0.0,1.0
CCL5->CCR7,0,0.0,1.0,-1.5531473729383667,1.4857492250809994,0.0,1.0
CCL5->CCR7,1,0.0,1.0,-1.7392552286168967,1.2374398174970658,0.0,1.0
CCL5->CCR7,2,0.2277,1.0,-1.5334398292425875,1.8465437504132458,0.25875000000000004,1.0
PECAM1->KDR,0,0.0,1.0,-1.2724173192655372,2.7033824429414284,0.0,1.0
PECAM1->KDR,1,0.0,1.0,-1.5358279885653963,2.5565296187740616,0.0,1.0
PECAM1->KDR,2,0.0,1.0,-1.3999306068886357,3.1999319803861965,0.0,1.0
CD163->CD3D,0,0.0,1.0,-1.4534256760179756,1.5909357567390343,0.0,1.0
CD163->CD3D,1,0.0,1.0,-1.721372246605263,1.3114504046148303,0.0,1.0
CD163->CD3D,2,0.0,1.0,-1.4911569924453774,1.7641883658773905,0.0,1.0
ERBB2->EGFR,0,1.0,0.0,1.7473308311040538,4.9010166531767,1.0,0.0
ERBB2->EGFR,1,0.0368,0.0,1.6231396228777335,4.511945354297704,0.043809523809523805,0.0
ERBB2->EGFR,2,0.9907,0.0,1.646694299331407,5.050022086364132,1.0,0.0
ERBB2->PDCD1,0,0.0,0.0,1.300352712103376,3.6257565264530403,0.0,0.0
ERBB2->PDCD1,1,0.0,0.9259,1.4329220120132382,3.852197849105885,0.0,1.0
ERBB2->PDCD1,2,0.0,1.0,1.2017363058639583,3.611811744844653,0.0,1.0
ESR1->PGR,0,0.2216,0.0,-1.5123013100846032,-0.24391217060413062,0.25181818181818183,0.0
ESR1->PGR,1,0.93,0.0,-1.8093187930763355,-1.1628344713002723,0.96875,0.0
ESR1->PGR,2,0.0004,0.0,-1.6810703417403694,-0.7251239991309939,0.0005263157894736842,0.0
PGR->ESR1,0,0.2216,0.0,-1.5123013100846032,-0.24391217060413062,0.25181818181818183,0.0
PGR->ESR1,1,0.93,0.0,-1.8093187930763355,-1.1628344713002723,0.96875,0.0
PGR->ESR1,2,0.0004,0.0,-1.6810703417403694,-0.7251239991309939,0.0005263157894736842,0.0
CD274->CTLA4,0,0.0,1.0,-1.8273532842487865,-0.6589164430301849,0.0,1.0
CD274->CTLA4,1,0.0,1.0,-1.8974907301976538,-0.7738282934809286,0.0,1.0
CD274->CTLA4,2,0.0,1.0,-1.8319852538259669,-0.5458285072733942,0.0,1.0
CD274->CD8A,0,0.0,1.0,-1.6555036361232105,0.37689866463190147,0.0,1.0
CD274->CD8A,1,0.0,1.0,-1.7816703074270102,0.18731352261685486,0.0,1.0
CD274->CD8A,2,0.0,0.5622,-1.634677299905515,0.5497463195157549,0.0,1.0
CXCL12->CCR7,0,0.0,1.0,0.009855650236022806,2.7510875251785976,0.0,1.0
CXCL12->CCR7,1,0.0,1.0,-1.1516113690337104,1.5942421832290288,0.0,1.0
CXCL12->CCR7,2,0.0,1.0,0.13904492056422058,3.002697985892734,0.0,1.0
CCL5->CXCR4,0,0.0,1.0,-0.9415775567823015,3.580579744382754,0.0,1.0
CCL5->CXCR4,1,0.0,1.0,-1.2854176142952942,3.487296038769855,0.0,1.0
CCL5->CXCR4,2,0.0,1.0,-0.9019078617428548,4.16056526180294,0.0,1.0
PECAM1->PDCD1,0,0.0,1.0,-1.3921018784837842,0.9012350733073395,0.0,1.0
PECAM1->PDCD1,1,0.0,1.0,-1.6571484443259124,0.6581052446154235,0.0,1.0
PECAM1->PDCD1,2,0.0,1.0,-1.5330735947035827,1.058938527363494,0.0,1.0
PECAM1->CTLA4,0,0.0,1.0,-1.2826241904537925,1.9311368176254518,0.0,1.0
PECAM1->CTLA4,1,0.0,1.0,-1.5793165966336051,1.6840668910709435,0.0,1.0
PECAM1->CTLA4,2,0.0,1.0,-1.421214099145776,2.1253688518921177,0.0,1.0
CD163->CCR7,0,0.0,1.0,-1.4863930725931491,1.411256936970314,0.0,1.0
CD163->CCR7,1,0.0,1.0,-1.7515116774901665,1.049581920091396,0.0,1.0
CD163->CCR7,2,0.0,1.0,-1.5390891801126805,1.5099918754215296,0.0,1.0
CD163->CXCR4,0,0.0,1.0,-0.874949302306575,3.5064022075468246,0.0,1.0
CD163->CXCR4,1,0.0,1.0,-1.298364395564096,3.2994715880636516,0.0,1.0
CD163->CXCR4,2,0.0,1.0,-0.9082176967492054,3.824080403308785,0.0,1.0
ACTA2->EGFR,0,0.0,1.0,-1.0885442108374872,3.2167438982936036,0.0,1.0
ACTA2->EGFR,1,0.0,1.0,-1.5602055992129609,2.1237779070502514,0.0,1.0
ACTA2->EGFR,2,0.053,1.0,-1.2853677595352528,3.346840926813247,0.0630952380952381,1.0
ACTA2->ERBB2,0,0.0,1.0,1.7574947180905178,7.4499612741297305,0.0,1.0
ACTA2->ERBB2,1,0.0,1.0,1.680458814253175,7.156895805155492,0.0,1.0
ACTA2->ERBB2,2,0.0007,1.0,1.464399395466876,7.40498701755118,0.0008749999999999999,1.0
KRT8->ERBB2,0,0.0,1.0,2.441630898886409,7.689969060682743,0.0,1.0
KRT8->ERBB2,1,0.0,0.9605,2.8768944831256116,7.925471288224099,0.0,1.0
KRT8->ERBB2,2,0.0,1.0,2.7112360988683593,7.749499533878878,0.0,1.0
CDH1->EGFR,0,1.0,0.0,-0.7244142985496501,2.6099620479901726,1.0,0.0
CDH1->EGFR,1,1.0,0.0,-0.8195726019382007,2.1332096460506733,1.0,0.0
CDH1->EGFR,2,0.9993,0.0,-0.5129282897689692,2.877615755946625,1.0,0.0
CDH1->ERBB2,0,0.0,1.0,2.122089186207477,6.843381044640649,0.0,1.0
CDH1->ERBB2,1,0.0,0.032,2.419023660682954,7.166611573879471,0.0,0.13333333333333333
CDH1->ERBB2,2,0.0,1.0,2.2372482552179527,6.9349960319004715,0.0,1.0
CD3D->ERBB2,0,0.0,1.0,1.4262289376257882,4.88141843077227,0.0,1.0
CD3D->ERBB2,1,0.0,1.0,1.5127920977172296,4.962524363385589,0.0,1.0
CD3D->ERBB2,2,0.0,1.0,1.3553039283329613,4.972740711992379,0.0,1.0
MS4A1->CD274,0,0.0,1.0,-1.802194168630848,0.24931442709135138,0.0,1.0
MS4A1->CD274,1,0.0,1.0,-1.9323611301502026,-0.3794482292593927,0.0,1.0
MS4A1->CD274,2,0.0,1.0,-1.8092318736377582,0.6663569080827882,0.0,1.0
CD68->CD274,0,0.0,1.0,-1.3661185597051437,0.9646146656995322,0.0,1.0
CD68->CD274,1,0.0,1.0,-1.6326410257091366,0.7025430568081574,0.0,1.0
CD68->CD274,2,0.0,1.0,-1.434364588674716,1.1837359865652486,0.0,1.0
