pair,region,T_lo,T_hi,p_pos_b10k,p_neg_b10k,q_pos_b10k,q_neg_b10k,cert_pos_b10k,cert_neg_b10k
CD274->PDCD1,0,-1.9534348738482337,-1.7331293749382954,1.0,9.999000099990002e-05,1.0,0.0004687031296870313,False,True
CD274->PDCD1,1,-1.976417647301219,-1.814835970322558,0.808019198080192,9.999000099990002e-05,0.9182036341820363,0.0004687031296870313,False,True
CD274->PDCD1,2,-1.973010436735478,-1.7023462717562992,1.0,9.999000099990002e-05,1.0,0.0004687031296870313,False,True
CXCL12->CXCR4,0,2.667130768143977,5.87726175138376,9.999000099990002e-05,1.0,0.00013156579078934212,1.0,True,False
CXCL12->CXCR4,1,1.9565410449490737,5.426066464962904,9.999000099990002e-05,1.0,0.00013156579078934212,1.0,True,False
CXCL12->CXCR4,2,2.626065768748802,6.129507093581818,9.999000099990002e-05,1.0,0.00013156579078934212,1.0,True,False
CCL5->CCR7,0,-1.4220404116787262,1.6742915781457768,9.999000099990002e-05,1.0,0.00013156579078934212,1.0,False,False
CCL5->CCR7,1,-1.5560728040008254,1.6566241445835703,9.999000099990002e-05,1.0,0.00013156579078934212,1.0,False,False
CCL5->CCR7,2,-1.515129165831245,1.9231769750831675,0.22777722227777222,1.0,0.26281987185896794,1.0,False,False
PECAM1->KDR,0,1.4940248100816538,5.214272147729796,9.999000099990002e-05,1.0,0.00013156579078934212,1.0,True,False
PECAM1->KDR,1,1.3132518980896497,5.817278669331279,9.999000099990002e-05,1.0,0.00013156579078934212,1.0,True,False
PECAM1->KDR,2,1.3430477308403588,5.92225921052513,9.999000099990002e-05,1.0,0.00013156579078934212,1.0,True,False
CD163->CD3D,0,0.1493431687573345,2.55095765903977,9.999000099990002e-05,1.0,0.00013156579078934212,1.0,True,False
CD163->CD3D,1,-0.1849691513451029,2.4338617856085696,9.999000099990002e-05,1.0,0.00013156579078934212,1.0,False,False
CD163->CD3D,2,-0.0176139801679363,2.60633653220012,9.999000099990002e-05,1.0,0.00013156579078934212,1.0,False,False
ERBB2->EGFR,0,1.5517083045818798,4.579670662922327,1.0,9.999000099990002e-05,1.0,0.0004687031296870313,False,False
ERBB2->EGFR,1,1.6346718741565085,4.3824190806855645,0.036896310368963105,9.999000099990002e-05,0.04536431602741365,0.0004687031296870313,True,False
ERBB2->EGFR,2,1.617936266849294,4.7546643269360365,0.9907009299070093,9.999000099990002e-05,1.0,0.0004687031296870313,False,False
ERBB2->PDCD1,0,1.3886741773460791,3.609526009303072,9.999000099990002e-05,9.999000099990002e-05,0.00013156579078934212,0.0004687031296870313,True,False
ERBB2->PDCD1,1,1.542315871863706,3.856497169587576,9.999000099990002e-05,0.9259074092590741,0.00013156579078934212,1.0,True,False
ERBB2->PDCD1,2,1.4653103466397224,3.725983662299057,9.999000099990002e-05,1.0,0.00013156579078934212,1.0,True,False
ESR1->PGR,0,-1.5076715005054853,-0.274842438766765,0.2216778322167783,9.999000099990002e-05,0.2597787096290371,0.0004687031296870313,False,True
ESR1->PGR,1,-1.8143818516687735,-1.1818469984701805,0.93000699930007,9.999000099990002e-05,1.0,0.0004687031296870313,False,True
ESR1->PGR,2,-1.6566966095515323,-0.7625007283407095,0.0004999500049995,9.999000099990002e-05,0.0006355296673722458,0.0004687031296870313,False,True
PGR->ESR1,0,-1.5076715005054853,-0.274842438766765,0.2216778322167783,9.999000099990002e-05,0.2597787096290371,0.0004687031296870313,False,True
PGR->ESR1,1,-1.8143818516687735,-1.1818469984701805,0.93000699930007,9.999000099990002e-05,1.0,0.0004687031296870313,False,True
PGR->ESR1,2,-1.6566966095515323,-0.7625007283407095,0.0004999500049995,9.999000099990002e-05,0.0006355296673722458,0.0004687031296870313,False,True
CD274->CTLA4,0,-1.551634177934015,-0.5363615085241185,9.999000099990002e-05,1.0,0.00013156579078934212,1.0,False,False
CD274->CTLA4,1,-1.5795415532788402,-0.5145177079479953,9.999000099990002e-05,1.0,0.00013156579078934212,1.0,False,False
CD274->CTLA4,2,-1.6447863966244265,-0.5114891417944967,9.999000099990002e-05,1.0,0.00013156579078934212,1.0,False,False
CD274->CD8A,0,-1.1778765079967426,0.5125729964651402,9.999000099990002e-05,1.0,0.00013156579078934212,1.0,False,False
CD274->CD8A,1,-1.2781723592962606,0.5054033626794737,9.999000099990002e-05,1.0,0.00013156579078934212,1.0,False,False
CD274->CD8A,2,-1.3240413235671007,0.5510817349765542,9.999000099990002e-05,0.5622437756224378,0.00013156579078934212,1.0,False,False
CXCL12->CCR7,0,1.394865430139431,3.65275490067356,9.999000099990002e-05,1.0,0.00013156579078934212,1.0,True,False
CXCL12->CCR7,1,0.7666096170781673,3.106483803893801,9.999000099990002e-05,1.0,0.00013156579078934212,1.0,True,False
CXCL12->CCR7,2,1.5440190415856558,3.80684646475481,9.999000099990002e-05,1.0,0.00013156579078934212,1.0,True,False
CCL5->CXCR4,0,-0.1497750736741803,3.898798428855976,9.999000099990002e-05,1.0,0.00013156579078934212,1.0,False,False
CCL5->CXCR4,1,-0.3661413761299189,3.976206805652673,9.999000099990002e-05,1.0,0.00013156579078934212,1.0,False,False
CCL5->CXCR4,2,-0.4330824386680985,4.245837603910175,9.999000099990002e-05,1.0,0.00013156579078934212,1.0,False,False
PECAM1->PDCD1,0,0.75770211312703,2.730607295012653,9.999000099990002e-05,1.0,0.00013156579078934212,1.0,True,False
PECAM1->PDCD1,1,0.3753701373596255,2.686515365033735,9.999000099990002e-05,1.0,0.00013156579078934212,1.0,True,False
PECAM1->PDCD1,2,0.332622710789123,2.775610716789618,9.999000099990002e-05,1.0,0.00013156579078934212,1.0,True,False
PECAM1->CTLA4,0,1.1595028090412487,3.9273751614268297,9.999000099990002e-05,1.0,0.00013156579078934212,1.0,True,False
PECAM1->CTLA4,1,0.7722462313820044,3.9868336274082976,9.999000099990002e-05,1.0,0.00013156579078934212,1.0,True,False
PECAM1->CTLA4,2,0.6608467509001744,3.96646784675142,9.999000099990002e-05,1.0,0.00013156579078934212,1.0,True,False
CD163->CCR7,0,-0.0237154931700614,2.3382418782537857,9.999000099990002e-05,1.0,0.00013156579078934212,1.0,False,False
CD163->CCR7,1,-0.3195476110690623,2.173495344741797,9.999000099990002e-05,1.0,0.00013156579078934212,1.0,False,False
CD163->CCR7,2,-0.1770124982744974,2.3242455267282827,9.999000099990002e-05,1.0,0.00013156579078934212,1.0,False,False
CD163->CXCR4,0,1.2485498448344845,4.562748728963985,9.999000099990002e-05,1.0,0.00013156579078934212,1.0,True,False
CD163->CXCR4,1,0.8703838168018441,4.493078005810899,9.999000099990002e-05,1.0,0.00013156579078934212,1.0,True,False
CD163->CXCR4,2,0.9050342288886488,4.646906155555291,9.999000099990002e-05,1.0,0.00013156579078934212,1.0,True,False
ACTA2->EGFR,0,0.6422169803096781,4.266830461456596,9.999000099990002e-05,1.0,0.00013156579078934212,1.0,True,False
ACTA2->EGFR,1,-0.2439722808693118,3.732409299834967,9.999000099990002e-05,1.0,0.00013156579078934212,1.0,False,False
ACTA2->EGFR,2,-0.9332691863753202,4.472034762861354,0.053094690530946904,1.0,0.06422744822291965,1.0,False,False
ACTA2->ERBB2,0,3.834448312664524,8.762414074419393,9.999000099990002e-05,1.0,0.00013156579078934212,1.0,True,False
ACTA2->ERBB2,1,3.1851811832499504,8.893547707425917,9.999000099990002e-05,1.0,0.00013156579078934212,1.0,True,False
ACTA2->ERBB2,2,2.360050133260152,9.040719695446128,0.0007999200079992001,1.0,0.000999900009999,1.0,True,False
KRT8->ERBB2,0,2.7446678558621995,7.864217593772805,9.999000099990002e-05,1.0,0.00013156579078934212,1.0,True,False
KRT8->ERBB2,1,3.053551039690163,7.934494241765368,9.999000099990002e-05,0.9605039496050395,0.00013156579078934212,1.0,True,False
KRT8->ERBB2,2,3.331141182904955,8.152670783931486,9.999000099990002e-05,1.0,0.00013156579078934212,1.0,True,False
CDH1->EGFR,0,-0.879723673648558,2.4968869448926365,1.0,9.999000099990002e-05,1.0,0.0004687031296870313,False,False
CDH1->EGFR,1,-0.8783561669237061,1.994983593542824,1.0,9.999000099990002e-05,1.0,0.0004687031296870313,False,False
CDH1->EGFR,2,-0.5695384416951764,2.7400154421458867,0.9993000699930007,9.999000099990002e-05,1.0,0.0004687031296870313,False,False
CDH1->ERBB2,0,2.312507658706288,6.992470557855434,9.999000099990002e-05,1.0,0.00013156579078934212,1.0,True,False
CDH1->ERBB2,1,2.5507972971955564,7.156122001133774,9.999000099990002e-05,0.032096790320967905,0.00013156579078934212,0.14160348671015252,True,False
CDH1->ERBB2,2,2.723780877940296,7.308700374730661,9.999000099990002e-05,1.0,0.00013156579078934212,1.0,True,False
CD3D->ERBB2,0,1.846826503490841,5.102100227591114,9.999000099990002e-05,1.0,0.00013156579078934212,1.0,True,False
CD3D->ERBB2,1,1.9233597626545695,5.26779386545043,9.999000099990002e-05,1.0,0.00013156579078934212,1.0,True,False
CD3D->ERBB2,2,1.8773755141107795,5.235258068351071,9.999000099990002e-05,1.0,0.00013156579078934212,1.0,True,False
MS4A1->CD274,0,-1.5771893540864237,0.5455731890601545,9.999000099990002e-05,1.0,0.00013156579078934212,1.0,False,False
MS4A1->CD274,1,-1.7264578775716215,0.0383486406607241,9.999000099990002e-05,1.0,0.00013156579078934212,1.0,False,False
MS4A1->CD274,2,-1.4911993119662523,0.8746451805760171,9.999000099990002e-05,1.0,0.00013156579078934212,1.0,False,False
CD68->CD274,0,0.0735289792036558,1.7893767511564656,9.999000099990002e-05,1.0,0.00013156579078934212,1.0,True,False
CD68->CD274,1,-0.1908284215862867,1.791225184852463,9.999000099990002e-05,1.0,0.00013156579078934212,1.0,False,False
CD68->CD274,2,-0.1837616426602182,1.833304161417021,9.999000099990002e-05,1.0,0.00013156579078934212,1.0,False,False
