pair,region,p_pos,p_neg,T_lo_perm_med,T_hi_perm_med,q_pos,q_neg
CD274->PDCD1,0,1.0,0.0,-1.4957813223487604,0.5431745703163533,1.0,0.0
CD274->PDCD1,1,1.0,0.0,-1.676764729522765,0.3762658417940459,1.0,0.0
CD274->PDCD1,2,1.0,0.0,-1.474766441164359,0.9525749124679151,1.0,0.0
CXCL12->CXCR4,0,0.0,0.0,0.6126196036801548,6.287762017762506,0.0,0.0
CXCL12->CXCR4,1,0.0,0.0,0.30147772507244003,6.877274497399994,0.0,0.0
CXCL12->CXCR4,2,0.0,0.0,0.06083145780652385,5.599203636362801,0.0,0.0
CCL5->CCR7,0,1.0,0.0,-1.592651024304077,1.6733618204705278,1.0,0.0
CCL5->CCR7,1,0.892,0.0,-1.7576135695511212,1.5985237768426406,1.0,0.0
CCL5->CCR7,2,1.0,0.0,-1.610500203246977,1.5740039911539174,1.0,0.0
PECAM1->KDR,0,1.0,0.0,-1.2937749500449658,2.415747321885334,1.0,0.0
PECAM1->KDR,1,1.0,0.0,-1.1984624045377101,2.793340954841207,1.0,0.0
PECAM1->KDR,2,1.0,0.0,-1.3424099592682146,2.592322558342718,1.0,0.0
CD163->CD3D,0,1.0,0.0,-1.7259888662326892,1.6614898437300831,1.0,0.0
CD163->CD3D,1,1.0,0.0,-1.7691267819812766,2.009976391514331,1.0,0.0
CD163->CD3D,2,1.0,0.0,-1.770245728690543,1.6819861233938407,1.0,0.0
ERBB2->EGFR,0,1.0,0.0,0.22558311753149152,2.28651154576617,1.0,0.0
ERBB2->EGFR,1,1.0,0.0,-1.039033407486199,0.5350484439571691,1.0,0.0
ERBB2->EGFR,2,1.0,0.0,0.43417997112390916,2.9877047870261357,1.0,0.0
ERBB2->PDCD1,0,1.0,0.0,0.09071770481811575,2.538480021157438,1.0,0.0
ERBB2->PDCD1,1,1.0,0.0,-1.0660335210639498,1.4415622861420512,1.0,0.0
ERBB2->PDCD1,2,1.0,0.0,0.28448601948537194,2.944451174916707,1.0,0.0
ESR1->PGR,0,1.0,0.0,-1.409981350310975,-0.0038493120684627014,1.0,0.0
ESR1->PGR,1,1.0,0.0,-1.763225589580505,-1.006115776133719,1.0,0.0
ESR1->PGR,2,1.0,0.0,-1.4120044328627375,0.46655246218276725,1.0,0.0
PGR->ESR1,0,1.0,0.0,-1.409981350310975,-0.0038493120684627014,1.0,0.0
PGR->ESR1,1,1.0,0.0,-1.763225589580505,-1.006115776133719,1.0,0.0
PGR->ESR1,2,1.0,0.0,-1.4120044328627375,0.46655246218276725,1.0,0.0
CD274->CTLA4,0,1.0,0.0,-1.3409246048829033,1.3242793813876614,1.0,0.0
CD274->CTLA4,1,1.0,0.0,-1.6215033404825563,0.7773128436192369,1.0,0.0
CD274->CTLA4,2,1.0,0.0,-1.3606514984248432,1.6287048363267402,1.0,0.0
CD274->CD8A,0,1.0,0.0,-1.5356270291197136,-0.0070881200975416725,1.0,0.0
CD274->CD8A,1,1.0,0.0,-1.732303422034889,-0.6290364611206556,1.0,0.0
CD274->CD8A,2,1.0,0.0,-1.5238875933017848,0.17399650349700863,1.0,0.0
CXCL12->CCR7,0,0.0,0.0,-0.5641298253703785,2.8347940133299194,0.0,0.0
CXCL12->CCR7,1,0.0,0.02,-0.9905176793797089,2.6725508424165794,0.0,0.023809523809523808
CXCL12->CCR7,2,0.0,0.0,-0.7343603067690202,2.1813288064096916,0.0,0.0
CCL5->CXCR4,0,1.0,0.0,-0.41704203701601156,5.1289338420816595,1.0,0.0
CCL5->CXCR4,1,1.0,0.0,-0.464768647277898,5.800602555088791,1.0,0.0
CCL5->CXCR4,2,1.0,0.0,-0.8151203193147681,4.991324833141965,1.0,0.0
PECAM1->PDCD1,0,1.0,0.0,-1.940234501476562,-0.6452609072118245,1.0,0.0
PECAM1->PDCD1,1,1.0,0.0,-1.9349999341107638,-0.2575668384745282,1.0,0.0
PECAM1->PDCD1,2,1.0,0.0,-1.9389108709350733,-0.3744667767425294,1.0,0.0
PECAM1->CTLA4,0,1.0,0.0,-1.7841886921705465,0.13871075970773683,1.0,0.0
PECAM1->CTLA4,1,0.992,0.492,-1.879382064219801,0.14112238282924788,1.0,0.5347826086956522
PECAM1->CTLA4,2,1.0,0.0,-1.8242331520342896,0.3024449006870211,1.0,0.0
CD163->CCR7,0,0.14,0.0,-1.8268427751510146,0.6333789664577121,0.8750000000000001,0.0
CD163->CCR7,1,0.836,0.0,-1.9093971893666133,0.3540426219152771,1.0,0.0
CD163->CCR7,2,0.972,0.0,-1.839326530260157,0.443780026427554,1.0,0.0
CD163->CXCR4,0,1.0,0.0,-0.6514856168537214,4.088343621302757,1.0,0.0
CD163->CXCR4,1,1.0,0.0,-0.6166124723719342,4.556985846561752,1.0,0.0
CD163->CXCR4,2,1.0,0.0,-1.0420082231089922,3.861666576983983,1.0,0.0
ACTA2->EGFR,0,1.0,0.0,-1.7357631905295545,2.01646701042284,1.0,0.0
ACTA2->EGFR,1,1.0,0.988,-1.8651610048956004,1.2542916536618964,1.0,1.0
ACTA2->EGFR,2,1.0,0.064,-1.7231260482656037,2.5790504247533885,1.0,0.064
ACTA2->ERBB2,0,1.0,0.0,0.11632826396501433,4.703791644925918,1.0,0.0
ACTA2->ERBB2,1,1.0,0.008,-1.1030499018080282,2.905291846264033,1.0,0.01
ACTA2->ERBB2,2,1.0,0.0,0.29672936359753666,5.3558639380051805,1.0,0.0
KRT8->ERBB2,0,1.0,0.0,0.7604560808321359,3.857202959980489,1.0,0.0
KRT8->ERBB2,1,1.0,0.0,-0.6515600446913294,1.842374816909249,1.0,0.0
KRT8->ERBB2,2,1.0,0.0,0.9221963937162447,4.16523010065889,1.0,0.0
CDH1->EGFR,0,1.0,0.0,-1.7597111911841907,-0.7427475722611132,1.0,0.0
CDH1->EGFR,1,1.0,0.0,-1.8886007543346586,-1.3879287226240669,1.0,0.0
CDH1->EGFR,2,1.0,0.0,-1.7441028512623853,-0.45357173640508397,1.0,0.0
CDH1->ERBB2,0,1.0,0.0,0.08640946689184126,1.944241884271712,1.0,0.0
CDH1->ERBB2,1,1.0,0.0,-1.1078015715797314,0.25910647171366047,1.0,0.0
CDH1->ERBB2,2,1.0,0.0,0.2804454260218556,2.3238563991213113,1.0,0.0
CD3D->ERBB2,0,1.0,0.0,0.19270849861095657,3.838014171386152,1.0,0.0
CD3D->ERBB2,1,1.0,0.0,-0.9547880935658136,3.0325751633620044,1.0,0.0
CD3D->ERBB2,2,1.0,0.0,0.32952393339946784,4.009341601657513,1.0,0.0
MS4A1->CD274,0,1.0,0.0,-1.0462143425726222,2.3695980179541376,1.0,0.0
MS4A1->CD274,1,0.288,0.484,-1.4712454210805779,1.6406666146207298,1.0,0.5347826086956522
MS4A1->CD274,2,1.0,0.0,-1.0915774042676136,2.9023217571235067,1.0,0.0
CD68->CD274,0,0.0,0.0,-0.6327971168042172,2.893657725900193,0.0,0.0
CD68->CD274,1,0.0,1.0,-1.0942765735422129,2.4061042779530672,0.0,1.0
CD68->CD274,2,0.004,0.0,-0.5667958838979352,3.767989704092506,0.03333333333333333,0.0
