pair,region,T_lo,T_hi,p_pos_b10k,p_neg_b10k,q_pos_b10k,q_neg_b10k,cert_pos_b10k,cert_neg_b10k
CD274->PDCD1,0,-1.9536070945155488,-1.1509190781805303,0.0058994100589941,1.0,0.007769954711845889,1.0,False,False
CD274->PDCD1,1,-1.8553311414372973,-1.1950641246505698,9.999000099990002e-05,0.9844015598440156,0.00016362000163620003,1.0,False,False
CD274->PDCD1,2,-1.9114633253983428,-1.398680748171356,0.0184981501849815,0.7782221777822218,0.02323023511602328,1.0,False,False
CXCL12->CXCR4,0,-1.561850824252037,2.835161521883371,9.999000099990002e-05,1.0,0.00016362000163620003,1.0,False,False
CXCL12->CXCR4,1,-1.8831346573505163,1.4356837278935108,0.13108689131086892,0.9995000499950005,0.15730426957304272,1.0,False,False
CXCL12->CXCR4,2,-1.7290140145618351,1.3795104422163338,0.001999800019998,1.0,0.0027689538738433846,1.0,False,False
PECAM1->KDR,0,-1.8964218436629772,0.8230280058359964,9.999000099990002e-05,1.0,0.00016362000163620003,1.0,False,False
PECAM1->KDR,1,-1.8919537122875916,0.6846893558712193,9.999000099990002e-05,1.0,0.00016362000163620003,1.0,False,False
PECAM1->KDR,2,-1.890962157526553,0.3822047092041309,9.999000099990002e-05,1.0,0.00016362000163620003,1.0,False,False
ERBB2->EGFR,0,-0.8132883082802175,1.536068796313896,9.999000099990002e-05,1.0,0.00016362000163620003,1.0,False,False
ERBB2->EGFR,1,-1.9571305587804224,-0.6086468053053926,0.0008999100089991,1.0,0.001388432585312897,1.0,False,False
ERBB2->EGFR,2,-1.9401938849462808,-0.4780020382192615,0.0008999100089991,1.0,0.001388432585312897,1.0,False,False
ERBB2->PDCD1,0,-1.6114971353366194,-0.6475900516753639,9.999000099990002e-05,1.0,0.00016362000163620003,1.0,False,False
ERBB2->PDCD1,1,-1.976983376774604,-1.356530779725801,0.0018998100189981002,1.0,0.0026997300269973002,1.0,False,False
ERBB2->PDCD1,2,-1.9739578661620087,-1.2752356039852382,0.020397960203979604,1.0,0.025033860250338602,1.0,False,False
ESR1->PGR,0,-1.9932671688020425,-1.8808653614313735,0.9996000399960004,9.999000099990002e-05,1.0,0.0026997300269973002,False,True
ESR1->PGR,1,-1.9983398214038053,-1.7933907640270164,0.36346365363463656,0.0044995500449955,0.4088966103389661,0.0404959504049595,False,True
ESR1->PGR,2,-2.0,-1.815875103016558,1.0,0.0034996500349965005,1.0,0.0404959504049595,False,True
PGR->ESR1,0,-1.9932671688020425,-1.8808653614313735,0.9996000399960004,9.999000099990002e-05,1.0,0.0026997300269973002,False,True
PGR->ESR1,1,-1.9983398214038053,-1.7933907640270164,0.36346365363463656,0.0044995500449955,0.4088966103389661,0.0404959504049595,False,True
PGR->ESR1,2,-2.0,-1.815875103016558,1.0,0.0034996500349965005,1.0,0.0404959504049595,False,True
CD274->CTLA4,0,-1.9164859632506217,-0.2332895703000444,9.999000099990002e-05,1.0,0.00016362000163620003,1.0,False,False
CD274->CTLA4,1,-1.847447542361464,-0.7863278644736196,9.999000099990002e-05,1.0,0.00016362000163620003,1.0,False,False
CD274->CTLA4,2,-1.896729290532842,-0.8537901756756429,0.0045995400459954,0.9973002699730027,0.00620937906209379,1.0,False,False
CD274->CD8A,0,-1.923834171195417,-0.3438424698844022,9.999000099990002e-05,1.0,0.00016362000163620003,1.0,False,False
CD274->CD8A,1,-1.8427379787421327,-0.5467336088740081,9.999000099990002e-05,1.0,0.00016362000163620003,1.0,False,False
CD274->CD8A,2,-1.8869895401843435,-0.661245679532771,0.0015998400159984002,0.9996000399960004,0.002334901644970638,1.0,False,False
CXCL12->CCR7,0,-1.96267446431118,-0.4794432321981325,0.000999900009999,1.0,0.0014998500149985001,1.0,False,False
CXCL12->CCR7,1,-1.988583955934246,-0.8917039573916403,0.6095390460953904,0.9667033296670333,0.6717369079418588,1.0,False,False
CXCL12->CCR7,2,-1.9798221180623696,-0.693390104831114,0.16718328167183283,1.0,0.1962586350060646,1.0,False,False
PECAM1->PDCD1,0,-1.9093223323707835,0.289840149331483,9.999000099990002e-05,1.0,0.00016362000163620003,1.0,False,False
PECAM1->PDCD1,1,-1.9011892264835075,0.1333771292682708,9.999000099990002e-05,1.0,0.00016362000163620003,1.0,False,False
PECAM1->PDCD1,2,-1.909340686841408,-0.0103481780136807,9.999000099990002e-05,1.0,0.00016362000163620003,1.0,False,False
PECAM1->CTLA4,0,-1.8722012011058564,1.207469657211969,9.999000099990002e-05,1.0,0.00016362000163620003,1.0,False,False
PECAM1->CTLA4,1,-1.893305627407674,0.542113389445221,9.999000099990002e-05,1.0,0.00016362000163620003,1.0,False,False
PECAM1->CTLA4,2,-1.8946066519759064,0.5345423944820324,9.999000099990002e-05,1.0,0.00016362000163620003,1.0,False,False
CD163->CCR7,0,-1.5091949931031916,-0.2714157228935073,9.999000099990002e-05,1.0,0.00016362000163620003,1.0,False,False
CD163->CCR7,1,-1.4779252052342342,-0.2802300210963153,9.999000099990002e-05,1.0,0.00016362000163620003,1.0,False,False
CD163->CCR7,2,-1.3968901525685844,-0.2613248049639565,9.999000099990002e-05,1.0,0.00016362000163620003,1.0,False,False
CD163->CXCR4,0,-1.1083713530440489,3.043189031187996,9.999000099990002e-05,1.0,0.00016362000163620003,1.0,False,False
CD163->CXCR4,1,-1.3724759066505043,2.047157664188836,9.999000099990002e-05,1.0,0.00016362000163620003,1.0,False,False
CD163->CXCR4,2,-1.1460820490680497,1.8115757420834917,9.999000099990002e-05,1.0,0.00016362000163620003,1.0,False,False
CDH1->EGFR,0,0.2098715995545892,3.716505017085468,9.999000099990002e-05,1.0,0.00016362000163620003,1.0,True,False
CDH1->EGFR,1,-1.9151934852174903,0.052137130230707,9.999000099990002e-05,1.0,0.00016362000163620003,1.0,False,False
CDH1->EGFR,2,-1.8332786810297688,0.1696606488839676,9.999000099990002e-05,1.0,0.00016362000163620003,1.0,False,False
CDH1->ERBB2,0,-0.1998343628384321,2.6835676867843583,9.999000099990002e-05,1.0,0.00016362000163620003,1.0,False,False
CDH1->ERBB2,1,-1.9151934852174903,-0.1609973232446445,9.999000099990002e-05,1.0,0.00016362000163620003,1.0,False,False
CDH1->ERBB2,2,-1.8410005284075053,-0.0472284925492579,9.999000099990002e-05,1.0,0.00016362000163620003,1.0,False,False
MS4A1->CD274,0,-1.877668060646031,-0.1669600179256668,9.999000099990002e-05,1.0,0.00016362000163620003,1.0,False,False
MS4A1->CD274,1,-1.996681551059292,-0.8158035531590251,0.9977002299770023,1.0,1.0,1.0,False,False
MS4A1->CD274,2,-1.9317861889656,-0.3146587124712925,0.0124987501249875,1.0,0.016069821589269645,1.0,False,False
CD68->CD274,0,-0.1809892842299626,2.103484532816923,9.999000099990002e-05,1.0,0.00016362000163620003,1.0,False,False
CD68->CD274,1,-0.5254879252957096,1.8056593329907065,9.999000099990002e-05,1.0,0.00016362000163620003,1.0,False,False
CD68->CD274,2,-0.1926308219921106,1.994976709606611,9.999000099990002e-05,1.0,0.00016362000163620003,1.0,False,False
