pair,region,T_lo_sealed,T_hi_sealed,T_lo_tight,T_hi_tight,dL_max_sealed,dL_max_tight,dR_max_sealed,dR_max_tight,width_sealed,width_tight,certified_pos_sealed,certified_neg_sealed,flip_pos,flip_neg
CD274->PDCD1,0,-1.9534348738482337,-1.7331293749382954,-1.9534348738482337,-1.8255047048226194,1112,442,76,18,0.2203054989099382,0.12793016902561427,False,True,False,False
CD274->PDCD1,1,-1.976417647301219,-1.814835970322558,-1.976417647301219,-1.9039013689353919,617,217,68,6,0.1615816769786608,0.07251627836582708,False,True,False,False
CD274->PDCD1,2,-1.973010436735478,-1.7023462717562992,-1.973010436735478,-1.8466948578301516,853,242,75,24,0.2706641649791788,0.1263155789053263,False,True,False,False
CXCL12->CXCR4,0,2.667130768143977,5.87726175138376,2.667130768143977,5.824735432589124,32158,30647,14127,12814,3.2101309832397824,3.157604664445147,True,False,False,False
CXCL12->CXCR4,1,1.9565410449490737,5.426066464962904,1.9565410449490739,5.301453064829152,8545,7711,7646,6275,3.4695254200138304,3.3449120198800784,True,False,False,False
CXCL12->CXCR4,2,2.626065768748802,6.129507093581818,2.626065768748802,6.072809677525035,24758,23324,14360,13023,3.503441324833016,3.4467439087762326,True,False,False,False
CCL5->CCR7,0,-1.4220404116787262,1.6742915781457768,-1.4220404116787262,1.0826921120889417,8096,4477,2194,1695,3.096331989824503,2.504732523767668,False,False,False,False
CCL5->CCR7,1,-1.5560728040008254,1.6566241445835703,-1.5560728040008254,0.9572365336185391,4134,2194,944,603,3.212696948584396,2.5133093376193645,False,False,False,False
CCL5->CCR7,2,-1.515129165831245,1.9231769750831675,-1.5151291658312447,1.340568875015299,7200,4304,1768,1243,3.438306140914412,2.8556980408465438,False,False,False,False
PECAM1->KDR,0,1.4940248100816538,5.214272147729796,1.4940248100816538,4.849820910621936,4962,4450,1556,784,3.720247337648142,3.3557961005402825,True,False,False,False
PECAM1->KDR,1,1.3132518980896497,5.817278669331279,1.3132518980896495,5.4900292571999225,2566,2228,1250,823,4.50402677124163,4.1767773591102735,True,False,False,False
PECAM1->KDR,2,1.3430477308403588,5.92225921052513,1.3430477308403588,5.551081187816699,2998,2539,1195,730,4.579211479684771,4.20803345697634,True,False,False,False
CD163->CD3D,0,0.1493431687573345,2.55095765903977,0.14934316875733455,2.2748390399857743,5453,3258,2056,1242,2.4016144902824355,2.1254958712284395,True,False,False,False
CD163->CD3D,1,-0.1849691513451029,2.4338617856085696,-0.1849691513451029,2.0725973483330407,2691,1553,1149,615,2.6188309369536724,2.2575664996781435,False,False,False,False
CD163->CD3D,2,-0.0176139801679363,2.60633653220012,-0.01761398016793636,2.332151484964294,4139,2510,1959,1325,2.623950512368056,2.3497654651322306,False,False,False,False
ERBB2->EGFR,0,1.5517083045818798,4.579670662922327,1.5517083045818798,4.403134324794872,124927,123909,7060,4299,3.027962358340447,2.8514260202129926,True,False,False,False
ERBB2->EGFR,1,1.6346718741565085,4.3824190806855645,1.6346718741565083,4.275566067169348,191481,191082,3401,2081,2.7477472065290565,2.64089419301284,True,False,False,False
ERBB2->EGFR,2,1.617936266849294,4.7546643269360365,1.617936266849294,4.521438502954128,92429,91739,4483,2529,3.1367280600867424,2.903502236104834,True,False,False,False
ERBB2->PDCD1,0,1.3886741773460791,3.609526009303072,1.3886741773460791,3.5878006817235804,124927,123909,76,18,2.2208518319569923,2.1991265043775012,True,False,False,False
ERBB2->PDCD1,1,1.542315871863706,3.856497169587576,1.542315871863706,3.811360381504235,191481,191082,68,6,2.3141812977238696,2.269044509640529,True,False,False,False
ERBB2->PDCD1,2,1.4653103466397224,3.725983662299057,1.4653103466397224,3.704473967345349,92429,91739,75,24,2.260673315659335,2.2391636207056265,True,False,False,False
ESR1->PGR,0,-1.5076715005054853,-0.274842438766765,-1.5076715005054853,-0.3765549175508867,5763,4788,1426,868,1.2328290617387203,1.1311165829545986,False,True,False,False
ESR1->PGR,1,-1.8143818516687735,-1.1818469984701805,-1.8143818516687737,-1.2465753264705872,2947,2362,392,191,0.6325348531985933,0.5678065251981865,False,True,False,False
ESR1->PGR,2,-1.6566966095515323,-0.7625007283407095,-1.6566966095515325,-0.9260684714246462,2301,1590,590,201,0.894195881210823,0.7306281381268863,False,True,False,False
PGR->ESR1,0,-1.5076715005054853,-0.274842438766765,-1.5076715005054853,-0.3765549175508867,1426,868,5763,4788,1.2328290617387203,1.1311165829545986,False,True,False,False
PGR->ESR1,1,-1.8143818516687735,-1.1818469984701805,-1.8143818516687737,-1.2465753264705872,392,191,2947,2362,0.6325348531985933,0.5678065251981865,False,True,False,False
PGR->ESR1,2,-1.6566966095515323,-0.7625007283407095,-1.6566966095515325,-0.9260684714246462,590,201,2301,1590,0.894195881210823,0.7306281381268863,False,True,False,False
CD274->CTLA4,0,-1.551634177934015,-0.5363615085241185,-1.551634177934015,-0.7565248471724324,1112,442,1665,684,1.0152726694098966,0.7951093307615826,False,True,False,False
CD274->CTLA4,1,-1.5795415532788402,-0.5145177079479953,-1.5795415532788402,-0.7609365740286064,617,217,1090,431,1.065023845330845,0.8186049792502338,False,True,False,False
CD274->CTLA4,2,-1.6447863966244265,-0.5114891417944967,-1.6447863966244265,-0.7715907798341928,853,242,1462,644,1.1332972548299298,0.8731956167902337,False,True,False,False
CD274->CD8A,0,-1.1778765079967426,0.5125729964651402,-1.1778765079967426,0.22974169258349786,1112,442,5878,3043,1.6904495044618828,1.4076182005802405,False,False,False,False
CD274->CD8A,1,-1.2781723592962606,0.5054033626794737,-1.2781723592962606,0.16036295821737856,617,217,3609,1684,1.7835757219757342,1.4385353175136393,False,False,False,False
CD274->CD8A,2,-1.3240413235671007,0.5510817349765542,-1.3240413235671007,0.22935375761881083,853,242,5828,3386,1.875123058543655,1.5533950811859114,False,False,False,False
CXCL12->CCR7,0,1.394865430139431,3.65275490067356,1.394865430139431,3.569828277458483,32158,30647,2194,1695,2.257889470534129,2.174962847319052,True,False,False,False
CXCL12->CCR7,1,0.7666096170781673,3.106483803893801,0.7666096170781673,2.9593333003015636,8545,7711,944,603,2.339874186815634,2.192723683223396,True,False,False,False
CXCL12->CCR7,2,1.5440190415856558,3.80684646475481,1.5440190415856558,3.70908172608418,24758,23324,1768,1243,2.262827423169154,2.1650626844985243,True,False,False,False
CCL5->CXCR4,0,-0.1497750736741803,3.898798428855976,-0.1497750736741803,3.337599267219583,8096,4477,14127,12814,4.048573502530156,3.487374340893763,False,False,False,False
CCL5->CXCR4,1,-0.3661413761299189,3.976206805652673,-0.3661413761299189,3.2993562981461273,4134,2194,7646,6275,4.342348181782592,3.6654976742760463,False,False,False,False
CCL5->CXCR4,2,-0.4330824386680985,4.245837603910175,-0.4330824386680985,3.704296826456153,7200,4304,14360,13023,4.678920042578273,4.137379265124252,False,False,False,False
PECAM1->PDCD1,0,0.75770211312703,2.730607295012653,0.75770211312703,2.6666272587205544,4962,4450,76,18,1.972905181885623,1.9089251455935243,True,False,False,False
PECAM1->PDCD1,1,0.3753701373596255,2.686515365033735,0.37537013735962554,2.5697382371388997,2566,2228,68,6,2.311145227674109,2.194368099779274,True,False,False,False
PECAM1->PDCD1,2,0.332622710789123,2.775610716789618,0.332622710789123,2.6657302277386936,2998,2539,75,24,2.442988006000495,2.3331075169495707,True,False,False,False
PECAM1->CTLA4,0,1.1595028090412487,3.9273751614268297,1.1595028090412487,3.7356071163707414,4962,4450,1665,684,2.767872352385581,2.5761043073294925,True,False,False,False
PECAM1->CTLA4,1,0.7722462313820044,3.9868336274082976,0.7722462313820044,3.7127030320456855,2566,2228,1090,431,3.2145873960262934,2.9404568006636813,True,False,False,False
PECAM1->CTLA4,2,0.6608467509001744,3.96646784675142,0.6608467509001744,3.7408343057346527,2998,2539,1462,644,3.305621095851246,3.0799875548344784,True,False,False,False
CD163->CCR7,0,-0.0237154931700614,2.3382418782537857,-0.023715493170061497,2.091071189309825,5453,3258,2194,1695,2.361957371423847,2.1147866824798864,False,False,False,False
CD163->CCR7,1,-0.3195476110690623,2.173495344741797,-0.3195476110690623,1.8485676250204546,2691,1553,944,603,2.4930429558108598,2.168115236089517,False,False,False,False
CD163->CCR7,2,-0.1770124982744974,2.3242455267282827,-0.1770124982744974,2.049478807686865,4139,2510,1768,1243,2.5012580250027803,2.2264913059613622,False,False,False,False
CD163->CXCR4,0,1.2485498448344845,4.562748728963985,1.2485498448344845,4.345978344440466,5453,3258,14127,12814,3.3141988841295005,3.0974284996059813,True,False,False,False
CD163->CXCR4,1,0.8703838168018441,4.493078005810899,0.8703838168018441,4.190687389548042,2691,1553,7646,6275,3.622694189009055,3.320303572746198,True,False,False,False
CD163->CXCR4,2,0.9050342288886488,4.646906155555291,0.9050342288886489,4.4132067591277195,4139,2510,14360,13023,3.741871926666642,3.5081725302390705,True,False,False,False
ACTA2->EGFR,0,0.6422169803096781,4.266830461456596,0.6422169803096781,3.918668207978624,877,694,7060,4299,3.624613481146918,3.2764512276689457,True,False,False,False
ACTA2->EGFR,1,-0.2439722808693118,3.732409299834967,-0.24397228086931189,3.443535400678541,649,535,3401,2081,3.9763815807042793,3.687507681547853,False,False,False,False
ACTA2->EGFR,2,-0.9332691863753202,4.472034762861354,-0.9332691863753202,4.0006453827908315,551,426,4483,2529,5.405303949236675,4.933914569166152,False,False,False,False
ACTA2->ERBB2,0,3.834448312664524,8.762414074419393,3.834448312664524,8.585429015290986,877,694,124927,123909,4.927965761754869,4.750980702626462,True,False,False,False
ACTA2->ERBB2,1,3.1851811832499504,8.893547707425917,3.1851811832499504,8.70979975601662,649,535,191481,191082,5.708366524175967,5.52461857276667,True,False,False,False
ACTA2->ERBB2,2,2.360050133260152,9.040719695446128,2.360050133260152,8.796220502733,551,426,92429,91739,6.680669562185976,6.436170369472848,True,False,False,False
KRT8->ERBB2,0,2.7446678558621995,7.864217593772805,2.7446678558621995,7.8361054719043,48143,46567,124927,123909,5.119549737910606,5.091437616042101,True,False,False,False
KRT8->ERBB2,1,3.053551039690163,7.934494241765368,3.053551039690163,7.917948112882405,63602,62114,191481,191082,4.880943202075206,4.864397073192242,True,False,False,False
KRT8->ERBB2,2,3.331141182904955,8.152670783931486,3.331141182904955,8.125886164842942,39545,38124,92429,91739,4.821529601026531,4.7947449819379875,True,False,False,False
CDH1->EGFR,0,-0.879723673648558,2.4968869448926365,-0.879723673648558,2.286300143704705,24490,23251,7060,4299,3.3766106185411946,3.166023817353263,False,False,False,False
CDH1->EGFR,1,-0.8783561669237061,1.994983593542824,-0.8783561669237061,1.8771512901284333,34995,34339,3401,2081,2.8733397604665303,2.7555074570521394,False,False,False,False
CDH1->EGFR,2,-0.5695384416951764,2.7400154421458867,-0.5695384416951764,2.4891547058063823,20778,20080,4483,2529,3.309553883841063,3.058693147501559,False,False,False,False
CDH1->ERBB2,0,2.312507658706288,6.992470557855434,2.312507658706288,6.953060951017067,24490,23251,124927,123909,4.679962899149146,4.640553292310779,True,False,False,False
CDH1->ERBB2,1,2.5507972971955564,7.156122001133774,2.5507972971955564,7.143415645466512,34995,34339,191481,191082,4.6053247039382175,4.592618348270956,True,False,False,False
CDH1->ERBB2,2,2.723780877940296,7.308700374730661,2.7237808779402957,7.284729825748552,20778,20080,92429,91739,4.584919496790365,4.5609489478082565,True,False,False,False
CD3D->ERBB2,0,1.846826503490841,5.102100227591114,1.8468265034908415,5.001825509585942,2056,1242,124927,123909,3.2552737241002725,3.1549990060951,True,False,False,False
CD3D->ERBB2,1,1.9233597626545695,5.26779386545043,1.9233597626545698,5.118345688599414,1149,615,191481,191082,3.34443410279586,3.194985925944844,True,False,False,False
CD3D->ERBB2,2,1.8773755141107795,5.235258068351071,1.8773755141107795,5.150218741035575,1959,1325,92429,91739,3.357882554240292,3.2728432269247953,True,False,False,False
MS4A1->CD274,0,-1.5771893540864237,0.5455731890601545,-1.5771893540864237,-0.07176221163192154,2901,1161,1112,442,2.122762543146578,1.505427142454502,False,False,False,False
MS4A1->CD274,1,-1.7264578775716215,0.0383486406607241,-1.7264578775716215,-0.6833759882667286,976,265,617,217,1.7648065182323456,1.0430818893048928,False,False,False,False
MS4A1->CD274,2,-1.4911993119662523,0.8746451805760171,-1.4911993119662523,0.21730497176628194,2803,1174,853,242,2.3658444925422693,1.7085042837325344,False,False,False,False
CD68->CD274,0,0.0735289792036558,1.7893767511564656,0.07352897920365586,1.5796400090213665,9226,6633,1112,442,1.7158477719528098,1.5061110298177107,True,False,False,False
CD68->CD274,1,-0.1908284215862867,1.791225184852463,-0.19082842158628677,1.590431677279605,5308,3874,617,217,1.9820536064387495,1.7812600988658918,False,False,False,False
CD68->CD274,2,-0.1837616426602182,1.833304161417021,-0.18376164266021822,1.5493974937106123,7188,5183,853,242,2.017065804077239,1.7331591363708305,False,False,False,False
