pair,region,T_lo_sealed,T_hi_sealed,T_lo_tight,T_hi_tight,certified_pos_sealed,certified_neg_sealed,flip_pos,flip_neg
CD274->PDCD1,0,-1.9536070945155488,-1.1509190781805303,-1.9536070945155486,-1.4141775602830227,False,True,False,False
CD274->PDCD1,1,-1.8553311414372973,-1.1950641246505698,-1.8553311414372975,-1.4723727017193515,False,True,False,False
CD274->PDCD1,2,-1.9114633253983428,-1.398680748171356,-1.9114633253983428,-1.5923941850316294,False,True,False,False
CXCL12->CXCR4,0,-1.561850824252037,2.835161521883371,-1.561850824252037,2.7134283631000926,False,False,False,False
CXCL12->CXCR4,1,-1.8831346573505163,1.4356837278935108,-1.8831346573505163,1.130680087234414,False,False,False,False
CXCL12->CXCR4,2,-1.7290140145618351,1.3795104422163338,-1.7290140145618351,0.9190719667584155,False,False,False,False
PECAM1->KDR,0,-1.8964218436629772,0.8230280058359964,-1.8964218436629774,0.7756093856422337,False,False,False,False
PECAM1->KDR,1,-1.8919537122875916,0.6846893558712193,-1.8919537122875913,0.6654167235152559,False,False,False,False
PECAM1->KDR,2,-1.890962157526553,0.3822047092041309,-1.890962157526553,0.32324343997063354,False,False,False,False
ERBB2->EGFR,0,-0.8132883082802175,1.536068796313896,-0.8132883082802175,1.5247990319669564,False,False,False,False
ERBB2->EGFR,1,-1.9571305587804224,-0.6086468053053926,-1.9571305587804222,-0.7318167418414261,False,True,False,False
ERBB2->EGFR,2,-1.9401938849462808,-0.4780020382192615,-1.9401938849462812,-0.6969867102770132,False,True,False,False
ERBB2->PDCD1,0,-1.6114971353366194,-0.6475900516753639,-1.6114971353366194,-0.6678714919015392,False,True,False,False
ERBB2->PDCD1,1,-1.976983376774604,-1.356530779725801,-1.9769833767746037,-1.4443075050318244,False,True,False,False
ERBB2->PDCD1,2,-1.9739578661620087,-1.2752356039852382,-1.9739578661620087,-1.432344497751611,False,True,False,False
ESR1->PGR,0,-1.9932671688020425,-1.8808653614313735,-1.9932671688020422,-1.922091269441005,False,True,False,False
ESR1->PGR,1,-1.9983398214038053,-1.7933907640270164,-1.9983398214038055,-1.851294106685612,False,True,False,False
ESR1->PGR,2,-2.0,-1.815875103016558,-2.0,-1.8722510242915522,False,True,False,False
PGR->ESR1,0,-1.9932671688020425,-1.8808653614313735,-1.9932671688020422,-1.922091269441005,False,True,False,False
PGR->ESR1,1,-1.9983398214038053,-1.7933907640270164,-1.9983398214038055,-1.851294106685612,False,True,False,False
PGR->ESR1,2,-2.0,-1.815875103016558,-2.0,-1.8722510242915522,False,True,False,False
CD274->CTLA4,0,-1.9164859632506217,-0.2332895703000444,-1.9164859632506217,-0.49728715627424913,False,True,False,False
CD274->CTLA4,1,-1.847447542361464,-0.7863278644736196,-1.847447542361464,-1.09392052079442,False,True,False,False
CD274->CTLA4,2,-1.896729290532842,-0.8537901756756429,-1.896729290532842,-1.0953450627135575,False,True,False,False
CD274->CD8A,0,-1.923834171195417,-0.3438424698844022,-1.923834171195417,-0.6084516914963697,False,True,False,False
CD274->CD8A,1,-1.8427379787421327,-0.5467336088740081,-1.8427379787421327,-0.8495326732264536,False,True,False,False
CD274->CD8A,2,-1.8869895401843435,-0.661245679532771,-1.8869895401843433,-0.8983444351519192,False,True,False,False
CXCL12->CCR7,0,-1.96267446431118,-0.4794432321981325,-1.96267446431118,-0.5484569426802086,False,True,False,False
CXCL12->CCR7,1,-1.988583955934246,-0.8917039573916403,-1.988583955934246,-0.9921417753474352,False,True,False,False
CXCL12->CCR7,2,-1.9798221180623696,-0.693390104831114,-1.9798221180623696,-0.8338351712768126,False,True,False,False
PECAM1->PDCD1,0,-1.9093223323707835,0.289840149331483,-1.9093223323707833,0.2674968807232897,False,False,False,False
PECAM1->PDCD1,1,-1.9011892264835075,0.1333771292682708,-1.9011892264835073,0.10963253272787299,False,False,False,False
PECAM1->PDCD1,2,-1.909340686841408,-0.0103481780136807,-1.9093406868414076,-0.056907099641489545,False,True,False,False
PECAM1->CTLA4,0,-1.8722012011058564,1.207469657211969,-1.8722012011058564,1.1843872847320631,False,False,False,False
PECAM1->CTLA4,1,-1.893305627407674,0.542113389445221,-1.893305627407674,0.4880847136528046,False,False,False,False
PECAM1->CTLA4,2,-1.8946066519759064,0.5345423944820324,-1.8946066519759066,0.44014202267658237,False,False,False,False
CD163->CCR7,0,-1.5091949931031916,-0.2714157228935073,-1.5091949931031916,-0.44207780695831844,False,True,False,False
CD163->CCR7,1,-1.4779252052342342,-0.2802300210963153,-1.4779252052342342,-0.5189753648767244,False,True,False,False
CD163->CCR7,2,-1.3968901525685844,-0.2613248049639565,-1.3968901525685844,-0.539791038906382,False,True,False,False
CD163->CXCR4,0,-1.1083713530440489,3.043189031187996,-1.1083713530440487,2.819807498821983,False,False,False,False
CD163->CXCR4,1,-1.3724759066505043,2.047157664188836,-1.3724759066505043,1.6038464977051248,False,False,False,False
CD163->CXCR4,2,-1.1460820490680497,1.8115757420834917,-1.1460820490680497,1.2131160991288459,False,False,False,False
CDH1->EGFR,0,0.2098715995545892,3.716505017085468,0.20987159955458923,3.7117037708872003,True,False,False,False
CDH1->EGFR,1,-1.9151934852174903,0.052137130230707,-1.9151934852174906,-0.0399941523871728,False,False,False,False
CDH1->EGFR,2,-1.8332786810297688,0.1696606488839676,-1.8332786810297692,0.013506672528001834,False,False,False,False
CDH1->ERBB2,0,-0.1998343628384321,2.6835676867843583,-0.19983436283843214,2.6745161946248444,False,False,False,False
CDH1->ERBB2,1,-1.9151934852174903,-0.1609973232446445,-1.9151934852174906,-0.2656071529835309,False,True,False,False
CDH1->ERBB2,2,-1.8410005284075053,-0.0472284925492579,-1.8410005284075053,-0.23211805504616292,False,True,False,False
MS4A1->CD274,0,-1.877668060646031,-0.1669600179256668,-1.877668060646031,-0.3497004513757259,False,True,False,False
MS4A1->CD274,1,-1.996681551059292,-0.8158035531590251,-1.9966815510592917,-1.2564835398657759,False,True,False,False
MS4A1->CD274,2,-1.9317861889656,-0.3146587124712925,-1.9317861889655998,-0.8427811829068549,False,True,False,False
CD68->CD274,0,-0.1809892842299626,2.103484532816923,-0.18098928422996263,2.046751984278969,False,False,False,False
CD68->CD274,1,-0.5254879252957096,1.8056593329907065,-0.5254879252957096,1.645865628074956,False,False,False,False
CD68->CD274,2,-0.1926308219921106,1.994976709606611,-0.19263082199211068,1.845239825751646,False,False,False,False
