pair,region,p_pos,p_neg,T_lo_perm_med,T_hi_perm_med,q_pos,q_neg,p_pos_raw,p_neg_raw
PECAM1->KDR,0,0.0001,1.0,-1.9819662532851323,-1.207193194926586,0.000333300003333,1.0,0.00019998000199980003,1.0
PECAM1->KDR,1,0.0,1.0,-1.9830269213962863,-1.2815392225847966,0.00011110000111100001,1.0,9.999000099990002e-05,1.0
PECAM1->KDR,2,0.0003,1.0,-2.0,-1.3023944340337272,0.000666600006666,1.0,0.00039996000399960006,1.0
ERBB2->EGFR,0,0.0,1.0,-1.9147797501416568,-1.0361370186831511,0.0001999800019998,1.0,9.999000099990002e-05,1.0
ERBB2->EGFR,1,0.0,1.0,-1.6862024804843196,-0.4658327861162762,0.00011110000111100001,1.0,9.999000099990002e-05,1.0
ERBB2->EGFR,2,0.0,1.0,-1.9770388515566888,-1.513294790997978,0.0001999800019998,1.0,9.999000099990002e-05,1.0
ERBB2->PDCD1,0,0.0,1.0,-1.9210117038531715,-1.1053454082531118,0.0001999800019998,1.0,9.999000099990002e-05,1.0
ERBB2->PDCD1,1,0.0,1.0,-1.689855584437288,-0.4952808769225296,0.00011110000111100001,1.0,9.999000099990002e-05,1.0
ERBB2->PDCD1,2,0.0,1.0,-1.9770388515566888,-1.5612830574953254,0.0001999800019998,1.0,9.999000099990002e-05,1.0
ESR1->PGR,0,0.0,1.0,-1.801900491965496,-0.447215668927658,0.0001999800019998,1.0,9.999000099990002e-05,1.0
ESR1->PGR,1,0.0,1.0,-1.4623883232748005,0.1720347991532429,0.00011110000111100001,1.0,9.999000099990002e-05,1.0
ESR1->PGR,2,0.0,1.0,-1.895842768708708,-0.7926142804192614,0.0001999800019998,1.0,9.999000099990002e-05,1.0
PGR->ESR1,0,0.0,1.0,-1.801900491965496,-0.447215668927658,0.0001999800019998,1.0,9.999000099990002e-05,1.0
PGR->ESR1,1,0.0,1.0,-1.4623883232748005,0.1720347991532429,0.00011110000111100001,1.0,9.999000099990002e-05,1.0
PGR->ESR1,2,0.0,1.0,-1.895842768708708,-0.7926142804192614,0.0001999800019998,1.0,9.999000099990002e-05,1.0
PECAM1->PDCD1,0,0.0207,1.0,-1.9854818996111965,-1.326361886268522,0.023108800231088,1.0,0.0207979202079792,1.0
PECAM1->PDCD1,1,0.0,1.0,-1.9893746608785643,-1.4238597626325071,0.00011110000111100001,1.0,9.999000099990002e-05,1.0
PECAM1->PDCD1,2,0.0182,1.0,-2.0,-1.5192440377398466,0.020331300203313002,1.0,0.0182981701829817,1.0
PECAM1->CTLA4,0,0.0239,1.0,-1.9820222590709444,-0.7306050794536614,0.023997600239976002,1.0,0.023997600239976002,1.0
PECAM1->CTLA4,1,0.0,1.0,-1.985156251320766,-0.8502454760370991,0.00011110000111100001,1.0,9.999000099990002e-05,1.0
PECAM1->CTLA4,2,0.001,1.0,-1.9961732204594869,-1.0739834591719797,0.0013748625137486254,1.0,0.0010998900109989002,1.0
CDH1->EGFR,0,0.0003,1.0,-1.932885804141463,-0.9278235076980256,0.0005713714342851429,1.0,0.00039996000399960006,1.0
CDH1->EGFR,1,0.0,1.0,-1.811590384707516,-0.6684340431861009,0.00011110000111100001,1.0,9.999000099990002e-05,1.0
CDH1->EGFR,2,0.0007,1.0,-1.984652035666564,-1.2922573725559368,0.0011427428685702858,1.0,0.0007999200079992001,1.0
CDH1->ERBB2,0,0.0,1.0,-1.8605585235469808,-0.2649661050705325,0.0001999800019998,1.0,9.999000099990002e-05,1.0
CDH1->ERBB2,1,0.0,1.0,-1.5072577079588734,0.6603981491447628,0.00011110000111100001,1.0,9.999000099990002e-05,1.0
CDH1->ERBB2,2,0.0,1.0,-1.9616908872232528,-0.9972796439943136,0.0001999800019998,1.0,9.999000099990002e-05,1.0
MS4A1->CD274,0,0.007,1.0,-1.987562896761777,-0.2491203462007606,0.008874112588741127,1.0,0.007099290070992901,1.0
MS4A1->CD274,1,0.1579,1.0,-1.974004791467056,-0.8786756043096001,0.15798420157984203,1.0,0.15798420157984203,1.0
MS4A1->CD274,2,0.073,1.0,-2.0,-1.2249663650002744,0.0730926907309269,1.0,0.0730926907309269,1.0
