pair,region,control,T0,T_lo,T_hi,T,nL,nR,inside
PECAM1->KDR,0,True,-0.9902295643162724,-1.910937680059256,-0.0848713908896814,-1.4169510620197003,2120,2120,True
PECAM1->KDR,1,True,-0.6169028958599616,-1.900514840096992,0.1065399174369582,-1.1848534978659888,1740,1740,True
PECAM1->KDR,2,True,-0.7493688738272344,-1.9107155420918172,0.1068652699737484,-1.4585225386675247,1539,1539,True
ERBB2->EGFR,0,False,-1.212521890561585,-1.7589919004962051,-0.7664576622978818,-1.5568698056041603,2029,2029,True
ERBB2->EGFR,1,False,-0.8652384370084936,-1.55541409716928,-0.3102494684887931,-1.1755822650426486,4371,4371,True
ERBB2->EGFR,2,False,-1.661181775970796,-1.895842768708708,-1.1936768567978169,-1.85694132417163,3726,3726,True
ERBB2->PDCD1,0,False,-1.1833652104473864,-1.7534906734648352,-0.6864892728090747,-1.5350665702296422,2029,5536,True
ERBB2->PDCD1,1,False,-0.8634583371036749,-1.557796748480274,-0.2794933511433014,-1.1560777180502682,4371,7014,True
ERBB2->PDCD1,2,False,-1.6688863049904286,-1.895842768708708,-1.1977784701898302,-1.8474022322175727,3726,5185,True
ESR1->PGR,0,False,-0.4996912803443071,-1.479364479239931,0.2066058784464105,-1.028896655591855,2029,2029,True
ESR1->PGR,1,False,-0.2656018305189792,-1.2734721690484545,0.3969412916433792,-0.6797151697864088,4371,4371,True
ESR1->PGR,2,False,-0.701471496996513,-1.5811101752255496,0.0218034420490568,-1.433559406389452,3726,3726,True
PGR->ESR1,0,False,-0.4996912803443071,-1.479364479239931,0.2066058784464105,-1.028896655591855,2029,2029,True
PGR->ESR1,1,False,-0.2656018305189792,-1.2734721690484545,0.3969412916433792,-0.6797151697864088,4371,4371,True
PGR->ESR1,2,False,-0.701471496996513,-1.5811101752255496,0.0218034420490568,-1.433559406389452,3726,3726,True
PECAM1->PDCD1,0,False,-1.2186288986506466,-1.949967612998258,-0.6127872108768411,-1.5513105865765895,2120,5536,True
PECAM1->PDCD1,1,False,-1.0694567930297358,-1.9090263399525096,-0.6095064567058411,-1.4464592546007988,1740,7014,True
PECAM1->PDCD1,2,False,-1.478691032679637,-1.9641548010532777,-0.8872254107135555,-1.691756820223429,1539,5185,True
PECAM1->CTLA4,0,False,-0.892672801963182,-1.9472248459347197,0.1367236366084785,-1.239224679088232,2120,5536,True
PECAM1->CTLA4,1,False,-0.7680760755464591,-1.890112368588424,0.1200013040178187,-1.1433178934859813,1740,7014,True
PECAM1->CTLA4,2,False,-1.211533278863318,-1.9489082122216608,-0.2750243090449655,-1.5016334841082104,1539,5185,True
CDH1->EGFR,0,False,-1.1801811705193668,-1.8573956045571995,-0.6554263499091377,-1.4711702533563729,2029,2029,True
CDH1->EGFR,1,False,-1.053324736307621,-1.695376860595725,-0.5330329170781805,-1.3216681983791574,4371,4371,True
CDH1->EGFR,2,False,-1.5259219463603224,-1.939564146138026,-0.9360472554048274,-1.7664669799481187,3726,3726,True
CDH1->ERBB2,0,False,-0.4051669685039812,-1.6163875050534044,0.4798804546635986,-1.0422258794804085,2029,2029,True
CDH1->ERBB2,1,False,0.0388298002674402,-1.255556260386993,0.9944440889822156,-0.5104227761035511,4371,4371,True
CDH1->ERBB2,2,False,-1.2177996509979905,-1.835406914846734,-0.2653548806577872,-1.6265042165216737,3726,3726,True
MS4A1->CD274,0,False,-0.8509915223433169,-1.9635174227951264,0.2608766315753008,-0.518185587625864,1587,2029,True
MS4A1->CD274,1,False,-1.1895024081541214,-1.9623115058895892,-0.1633472467366084,-0.9659237708014697,905,4371,True
MS4A1->CD274,2,False,-1.3944145929047336,-1.9842326841416835,-0.6784280235266456,-1.4882280181550025,872,3726,True
