pair,region,dL_min_corr,dL_max_corr,dR_min_corr,dR_max_corr,T_lo_corr,T_hi_corr,T_lo_sealed,T_hi_sealed,cap_bound,width_sealed,width_corr
PECAM1->KDR,0,-103,83,-27,31,-1.910937680059256,-0.38389306766535525,-1.910937680059256,-0.08487139088968143,False,1.8260662891695745,1.5270446123939005
PECAM1->KDR,1,-137,51,-65,32,-1.900514840096992,-0.21750098481980196,-1.900514840096992,0.10653991743695823,False,2.0070547575339504,1.68301385527719
PECAM1->KDR,2,-32,28,-50,14,-1.9107155420918174,-0.28635081331458045,-1.9107155420918174,0.10686526997374843,False,2.0175808120655656,1.624364728777237
ERBB2->EGFR,0,-124,106,-1,5,-1.7589919004962051,-0.8403402441283288,-1.7589919004962051,-0.7664576622978818,False,0.9925342381983233,0.9186516563678764
ERBB2->EGFR,1,-487,501,-8,11,-1.55541409716928,-0.3720963028038967,-1.55541409716928,-0.3102494684887931,False,1.245164628680487,1.1833177943653834
ERBB2->EGFR,2,-33,54,-2,4,-1.8958427687087078,-1.3314068810648807,-1.8958427687087078,-1.1936768567978169,False,0.702165911910891,0.5644358876438271
ERBB2->PDCD1,0,-124,106,-11,17,-1.7534906734648352,-0.7969406717597864,-1.7534906734648352,-0.6864892728090747,False,1.0670014006557604,0.9565500017050488
ERBB2->PDCD1,1,-487,501,-11,21,-1.557796748480274,-0.35286501518646196,-1.557796748480274,-0.2794933511433014,False,1.2783033973369724,1.204931733293812
ERBB2->PDCD1,2,-33,54,-2,10,-1.8958427687087078,-1.3317047247095424,-1.8958427687087078,-1.1977784701898302,False,0.6980642985188776,0.5641380439991655
ESR1->PGR,0,-269,276,-18,12,-1.479364479239931,0.11874908129991835,-1.479364479239931,0.20660587844641054,False,1.6859703576863416,1.5981135605398493
ESR1->PGR,1,-933,898,-21,23,-1.2734721690484545,0.3391346585688376,-1.2734721690484545,0.3969412916433792,False,1.6704134606918337,1.612606827617292
ESR1->PGR,2,-198,234,-5,1,-1.5811101752255496,-0.08770395348302051,-1.5811101752255496,0.02180344204905682,False,1.6029136172746066,1.493406221742529
PGR->ESR1,0,-18,12,-269,276,-1.479364479239931,0.11874908129991835,-1.479364479239931,0.20660587844641054,False,1.6859703576863416,1.5981135605398493
PGR->ESR1,1,-21,23,-933,898,-1.2734721690484545,0.3391346585688376,-1.2734721690484545,0.3969412916433792,False,1.6704134606918337,1.612606827617292
PGR->ESR1,2,-5,1,-198,234,-1.5811101752255496,-0.08770395348302051,-1.5811101752255496,0.02180344204905682,False,1.6029136172746066,1.493406221742529
PECAM1->PDCD1,0,-103,83,-11,17,-1.949967612998258,-0.7837481999035021,-1.949967612998258,-0.6127872108768411,False,1.3371804021214169,1.1662194130947559
PECAM1->PDCD1,1,-137,51,-11,21,-1.9090263399525096,-0.8111651452202443,-1.9090263399525096,-0.6095064567058411,False,1.2995198832466683,1.0978611947322654
PECAM1->PDCD1,2,-32,28,-2,10,-1.9641548010532777,-1.122959978716691,-1.9641548010532777,-0.8872254107135555,False,1.0769293903397221,0.8411948223365866
PECAM1->CTLA4,0,-103,83,-146,256,-1.9472248459347195,-0.03742960674963361,-1.9472248459347195,0.13672363660847855,False,2.083948482543198,1.9097952391850859
PECAM1->CTLA4,1,-137,51,-163,326,-1.8901123685884236,-0.08637426500014027,-1.8901123685884236,0.12000130401781875,False,2.0101136726062423,1.8037381035882833
PECAM1->CTLA4,2,-32,28,-75,115,-1.9489082122216606,-0.5686476908357195,-1.9489082122216606,-0.2750243090449655,False,1.673883903176695,1.380260521385941
CDH1->EGFR,0,-151,138,-1,5,-1.8573956045571995,-0.7272919926835164,-1.8573956045571995,-0.6554263499091377,False,1.2019692546480618,1.1301036118736831
CDH1->EGFR,1,-403,397,-8,11,-1.695376860595725,-0.5995456808496171,-1.695376860595725,-0.5330329170781805,False,1.1623439435175444,1.0958311797461078
CDH1->EGFR,2,-62,96,-2,4,-1.939564146138026,-1.0378075092360126,-1.939564146138026,-0.9360472554048274,False,1.0035168907331986,0.9017566369020134
CDH1->ERBB2,0,-151,138,-124,106,-1.6163875050534044,0.3583793482237516,-1.6163875050534044,0.4798804546635986,False,2.096267959717003,1.974766853277156
CDH1->ERBB2,1,-403,397,-487,501,-1.255556260386993,0.9345159215715015,-1.255556260386993,0.9944440889822155,False,2.2500003493692082,2.1900721819584943
CDH1->ERBB2,2,-62,96,-33,54,-1.835406914846734,-0.46033954506178076,-1.835406914846734,-0.26535488065778723,False,1.5700520341889468,1.3750673697849534
MS4A1->CD274,0,-399,762,-7,3,-1.9635174227951264,0.16693038565394558,-1.9635174227951264,0.26087663157530083,False,2.2243940543704275,2.130447808449072
MS4A1->CD274,1,-106,193,-9,23,-1.9623115058895895,-0.3384753372530771,-1.9623115058895895,-0.1633472467366084,False,1.798964259152981,1.6238361686365124
MS4A1->CD274,2,-45,51,-2,5,-1.9842326841416833,-0.9001874062215681,-1.9842326841416833,-0.6784280235266456,False,1.3058046606150377,1.084045277920115
