pair,control,region,nL,nR,nl_cells,nr_cells,dL_min,dL_max,dR_min,dR_max,T0,T_lo,T_hi,width,erode_full_in,T_erode_full,T_erode2,certified_pos,certified_neg,p_pos_raw,p_neg_raw,q_pos,q_neg,T_lo_perm_med,T_hi_perm_med,certified_pos_matched,certified_neg_matched
PECAM1->KDR,True,0,108,32,319,319,-103,114,-27,60,-0.9902295643162724,-1.910937680059256,-0.0848713908896814,1.8260662891695745,True,-1.910937680059256,-1.7015610456623538,False,True,0.00019998000199980003,1.0,0.000333300003333,1.0,-1.9819662532851323,-1.207193194926586,False,False
PECAM1->KDR,True,1,148,66,338,338,-137,93,-65,65,-0.6169028958599616,-1.900514840096992,0.1065399174369582,2.0070547575339504,True,-1.900514840096992,-1.574744678915236,False,False,9.999000099990002e-05,1.0,0.00011110000111100001,1.0,-1.9830269213962863,-1.2815392225847966,False,False
PECAM1->KDR,True,2,34,53,159,159,-32,51,-50,33,-0.7493688738272344,-1.9107155420918172,0.1068652699737484,2.0175808120655656,True,-1.9107155420918172,-1.7080675085996075,False,False,0.00039996000399960006,1.0,0.000666600006666,1.0,-2.0,-1.3023944340337272,False,False
ERBB2->EGFR,False,0,166,1,462,462,-124,128,-1,7,-1.212521890561585,-1.7589919004962051,-0.7664576622978818,0.9925342381983232,True,-1.7589919004962051,-1.580286013511683,False,True,9.999000099990002e-05,1.0,0.0001999800019998,1.0,-1.9147797501416568,-1.0361370186831511,False,False
ERBB2->EGFR,False,1,704,9,1210,1210,-487,536,-8,26,-0.8652384370084936,-1.55541409716928,-0.3102494684887931,1.245164628680487,True,-1.55541409716928,-1.3349518425076394,False,True,9.999000099990002e-05,1.0,0.00011110000111100001,1.0,-1.6862024804843196,-0.4658327861162762,False,False
ERBB2->EGFR,False,2,47,2,374,374,-33,78,-2,7,-1.661181775970796,-1.895842768708708,-1.1936768567978169,0.702165911910891,True,-1.895842768708708,-1.8603939327044183,False,True,9.999000099990002e-05,1.0,0.0001999800019998,1.0,-1.9770388515566888,-1.513294790997978,False,False
ERBB2->PDCD1,False,0,166,13,462,1047,-124,128,-11,36,-1.1833652104473864,-1.7534906734648352,-0.6864892728090747,1.0670014006557604,True,-1.7534906734648352,-1.569304456847944,False,True,9.999000099990002e-05,1.0,0.0001999800019998,1.0,-1.9210117038531715,-1.1053454082531118,False,False
ERBB2->PDCD1,False,1,704,11,1210,1364,-487,536,-11,44,-0.8634583371036749,-1.557796748480274,-0.2794933511433014,1.2783033973369724,True,-1.557796748480274,-1.344458928252015,False,True,9.999000099990002e-05,1.0,0.00011110000111100001,1.0,-1.689855584437288,-0.4952808769225296,False,False
ERBB2->PDCD1,False,2,47,2,374,753,-33,78,-2,15,-1.6688863049904286,-1.895842768708708,-1.1977784701898302,0.6980642985188776,True,-1.895842768708708,-1.8603939327044183,False,True,9.999000099990002e-05,1.0,0.0001999800019998,1.0,-1.9770388515566888,-1.5612830574953254,False,False
ESR1->PGR,False,0,361,24,462,462,-269,294,-18,23,-0.4996912803443071,-1.479364479239931,0.2066058784464105,1.6859703576863416,True,-1.479364479239931,-1.124182145252101,False,False,9.999000099990002e-05,1.0,0.0001999800019998,1.0,-1.801900491965496,-0.447215668927658,False,False
ESR1->PGR,False,1,1316,29,1210,1210,-933,935,-21,41,-0.2656018305189792,-1.2734721690484545,0.3969412916433792,1.6704134606918335,True,-1.2734721690484545,-0.8545190775032454,False,False,9.999000099990002e-05,1.0,0.00011110000111100001,1.0,-1.4623883232748005,0.1720347991532429,False,False
ESR1->PGR,False,2,261,5,374,374,-198,255,-5,10,-0.701471496996513,-1.5811101752255496,0.0218034420490568,1.6029136172746066,True,-1.5811101752255496,-1.3027278050583198,False,False,9.999000099990002e-05,1.0,0.0001999800019998,1.0,-1.895842768708708,-0.7926142804192614,False,False
PGR->ESR1,False,0,24,361,462,462,-18,23,-269,294,-0.4996912803443071,-1.479364479239931,0.2066058784464105,1.6859703576863416,True,-1.479364479239931,-1.124182145252101,False,False,9.999000099990002e-05,1.0,0.0001999800019998,1.0,-1.801900491965496,-0.447215668927658,False,False
PGR->ESR1,False,1,29,1316,1210,1210,-21,41,-933,935,-0.2656018305189792,-1.2734721690484545,0.3969412916433792,1.6704134606918335,True,-1.2734721690484545,-0.8545190775032454,False,False,9.999000099990002e-05,1.0,0.00011110000111100001,1.0,-1.4623883232748005,0.1720347991532429,False,False
PGR->ESR1,False,2,5,261,374,374,-5,10,-198,255,-0.701471496996513,-1.5811101752255496,0.0218034420490568,1.6029136172746066,True,-1.5811101752255496,-1.3027278050583198,False,False,9.999000099990002e-05,1.0,0.0001999800019998,1.0,-1.895842768708708,-0.7926142804192614,False,False
PECAM1->PDCD1,False,0,108,13,319,1047,-103,114,-11,36,-1.2186288986506466,-1.949967612998258,-0.6127872108768411,1.3371804021214169,True,-1.949967612998258,-1.7867948042579176,False,True,0.0207979202079792,1.0,0.023108800231088,1.0,-1.9854818996111965,-1.326361886268522,False,False
PECAM1->PDCD1,False,1,148,11,338,1364,-137,93,-11,44,-1.0694567930297358,-1.9090263399525096,-0.6095064567058411,1.2995198832466683,True,-1.9090263399525096,-1.7284540943106887,False,True,9.999000099990002e-05,1.0,0.00011110000111100001,1.0,-1.9893746608785643,-1.4238597626325071,False,False
PECAM1->PDCD1,False,2,34,2,159,753,-32,51,-2,15,-1.478691032679637,-1.9641548010532777,-0.8872254107135555,1.076929390339722,True,-1.9641548010532777,-1.8950304403984572,False,True,0.0182981701829817,1.0,0.020331300203313002,1.0,-2.0,-1.5192440377398466,False,False
PECAM1->CTLA4,False,0,108,149,319,1047,-103,114,-146,290,-0.892672801963182,-1.9472248459347197,0.1367236366084785,2.083948482543198,True,-1.9472248459347197,-1.7044086173691504,False,False,0.023997600239976002,1.0,0.023997600239976002,1.0,-1.9820222590709444,-0.7306050794536614,False,False
PECAM1->CTLA4,False,1,148,172,338,1364,-137,93,-163,368,-0.7680760755464591,-1.890112368588424,0.1200013040178187,2.0101136726062423,True,-1.890112368588424,-1.6244126352010495,False,False,9.999000099990002e-05,1.0,0.00011110000111100001,1.0,-1.985156251320766,-0.8502454760370991,False,False
PECAM1->CTLA4,False,2,34,79,159,753,-32,51,-75,146,-1.211533278863318,-1.9489082122216608,-0.2750243090449655,1.673883903176695,True,-1.9489082122216608,-1.8349876512913963,False,True,0.0010998900109989002,1.0,0.0013748625137486254,1.0,-1.9961732204594869,-1.0739834591719797,False,False
CDH1->EGFR,False,0,175,1,462,462,-151,161,-1,7,-1.1801811705193668,-1.8573956045571995,-0.6554263499091377,1.2019692546480618,True,-1.8573956045571995,-1.622930350920177,False,True,0.00039996000399960006,1.0,0.0005713714342851429,1.0,-1.932885804141463,-0.9278235076980256,False,False
CDH1->EGFR,False,1,544,9,1210,1210,-403,432,-8,26,-1.053324736307621,-1.695376860595725,-0.5330329170781805,1.1623439435175444,True,-1.695376860595725,-1.4948823150992911,False,True,9.999000099990002e-05,1.0,0.00011110000111100001,1.0,-1.811590384707516,-0.6684340431861009,False,False
CDH1->EGFR,False,2,70,2,374,374,-62,116,-2,7,-1.5259219463603224,-1.939564146138026,-0.9360472554048274,1.0035168907331986,True,-1.939564146138026,-1.8744691179161408,False,True,0.0007999200079992001,1.0,0.0011427428685702858,1.0,-1.984652035666564,-1.2922573725559368,False,False
CDH1->ERBB2,False,0,175,166,462,462,-151,161,-124,128,-0.4051669685039812,-1.6163875050534044,0.4798804546635986,2.096267959717003,True,-1.6163875050534044,-1.2032163644318596,False,False,9.999000099990002e-05,1.0,0.0001999800019998,1.0,-1.8605585235469808,-0.2649661050705325,False,False
CDH1->ERBB2,False,1,544,704,1210,1210,-403,432,-487,536,0.0388298002674402,-1.255556260386993,0.9944440889822156,2.250000349369208,True,-1.255556260386993,-0.8488483290956816,False,False,9.999000099990002e-05,1.0,0.00011110000111100001,1.0,-1.5072577079588734,0.6603981491447628,False,False
CDH1->ERBB2,False,2,70,47,374,374,-62,116,-33,78,-1.2177996509979905,-1.835406914846734,-0.2653548806577872,1.5700520341889468,True,-1.835406914846734,-1.7348630506205596,False,True,9.999000099990002e-05,1.0,0.0001999800019998,1.0,-1.9616908872232528,-0.9972796439943136,False,False
MS4A1->CD274,False,0,405,9,714,462,-399,788,-7,15,-0.8509915223433169,-1.9635174227951264,0.2608766315753008,2.2243940543704275,True,-1.9635174227951264,-1.647383394644716,False,False,0.007099290070992901,1.0,0.008874112588741127,1.0,-1.987562896761777,-0.2491203462007606,False,False
MS4A1->CD274,False,1,108,17,306,1210,-106,231,-9,50,-1.1895024081541214,-1.9623115058895892,-0.1633472467366084,1.798964259152981,True,-1.9623115058895892,-1.692233823051676,False,True,0.15798420157984203,1.0,0.15798420157984203,1.0,-1.974004791467056,-0.8786756043096001,False,False
MS4A1->CD274,False,2,46,2,182,374,-45,80,-2,7,-1.3944145929047336,-1.9842326841416835,-0.6784280235266456,1.3058046606150375,True,-1.9842326841416835,-1.8495831574469013,False,True,0.0730926907309269,1.0,0.0730926907309269,1.0,-2.0,-1.2249663650002744,False,False
