pair,region,gene,configs,violations,dmin,dmax
CD274->PDCD1,0,CD274,1000,0,-34,92
CD274->PDCD1,0,PDCD1,1000,0,-82,43
CD274->PDCD1,1,CD274,1000,0,-17,87
CD274->PDCD1,1,PDCD1,1000,0,-13,21
CD274->PDCD1,2,CD274,1000,0,-12,66
CD274->PDCD1,2,PDCD1,1000,0,-9,29
CXCL12->CXCR4,0,CXCL12,1000,0,-372,497
CXCL12->CXCR4,0,CXCR4,1000,0,-380,990
CXCL12->CXCR4,1,CXCL12,1000,0,-228,350
CXCL12->CXCR4,1,CXCR4,1000,0,-141,275
CXCL12->CXCR4,2,CXCL12,1000,0,-176,310
CXCL12->CXCR4,2,CXCR4,1000,0,-94,157
PECAM1->KDR,0,PECAM1,1000,0,-2294,1208
PECAM1->KDR,0,KDR,1000,0,-309,235
PECAM1->KDR,1,PECAM1,1000,0,-5201,2765
PECAM1->KDR,1,KDR,1000,0,-754,544
PECAM1->KDR,2,PECAM1,1000,0,-2276,1321
PECAM1->KDR,2,KDR,1000,0,-257,230
ERBB2->EGFR,0,ERBB2,1000,0,-2772,669
ERBB2->EGFR,0,EGFR,1000,0,-8490,1567
ERBB2->EGFR,1,ERBB2,1000,0,-196,229
ERBB2->EGFR,1,EGFR,1000,0,-328,305
ERBB2->EGFR,2,ERBB2,1000,0,-122,182
ERBB2->EGFR,2,EGFR,1000,0,-204,237
ERBB2->PDCD1,0,ERBB2,1000,0,-2772,669
ERBB2->PDCD1,0,PDCD1,1000,0,-82,43
ERBB2->PDCD1,1,ERBB2,1000,0,-196,229
ERBB2->PDCD1,1,PDCD1,1000,0,-13,21
ERBB2->PDCD1,2,ERBB2,1000,0,-122,182
ERBB2->PDCD1,2,PDCD1,1000,0,-9,29
ESR1->PGR,0,ESR1,1000,0,-48,113
ESR1->PGR,0,PGR,1000,0,-27,68
ESR1->PGR,1,ESR1,1000,0,-12,108
ESR1->PGR,1,PGR,1000,0,-12,80
ESR1->PGR,2,ESR1,1000,0,-13,91
ESR1->PGR,2,PGR,1000,0,-3,61
PGR->ESR1,0,PGR,1000,0,-27,68
PGR->ESR1,0,ESR1,1000,0,-48,113
PGR->ESR1,1,PGR,1000,0,-12,80
PGR->ESR1,1,ESR1,1000,0,-12,108
PGR->ESR1,2,PGR,1000,0,-3,61
PGR->ESR1,2,ESR1,1000,0,-13,91
CD274->CTLA4,0,CD274,1000,0,-34,92
CD274->CTLA4,0,CTLA4,1000,0,-1238,488
CD274->CTLA4,1,CD274,1000,0,-17,87
CD274->CTLA4,1,CTLA4,1000,0,-240,99
CD274->CTLA4,2,CD274,1000,0,-12,66
CD274->CTLA4,2,CTLA4,1000,0,-162,144
CD274->CD8A,0,CD274,1000,0,-34,92
CD274->CD8A,0,CD8A,1000,0,-1075,402
CD274->CD8A,1,CD274,1000,0,-17,87
CD274->CD8A,1,CD8A,1000,0,-435,128
CD274->CD8A,2,CD274,1000,0,-12,66
CD274->CD8A,2,CD8A,1000,0,-260,170
CXCL12->CCR7,0,CXCL12,1000,0,-372,497
CXCL12->CCR7,0,CCR7,1000,0,0,39
CXCL12->CCR7,1,CXCL12,1000,0,-228,350
CXCL12->CCR7,1,CCR7,1000,0,0,28
CXCL12->CCR7,2,CXCL12,1000,0,-176,310
CXCL12->CCR7,2,CCR7,1000,0,-1,25
PECAM1->PDCD1,0,PECAM1,1000,0,-2294,1208
PECAM1->PDCD1,0,PDCD1,1000,0,-82,43
PECAM1->PDCD1,1,PECAM1,1000,0,-5201,2765
PECAM1->PDCD1,1,PDCD1,1000,0,-13,21
PECAM1->PDCD1,2,PECAM1,1000,0,-2276,1321
PECAM1->PDCD1,2,PDCD1,1000,0,-9,29
PECAM1->CTLA4,0,PECAM1,1000,0,-2294,1208
PECAM1->CTLA4,0,CTLA4,1000,0,-1238,488
PECAM1->CTLA4,1,PECAM1,1000,0,-5201,2765
PECAM1->CTLA4,1,CTLA4,1000,0,-240,99
PECAM1->CTLA4,2,PECAM1,1000,0,-2276,1321
PECAM1->CTLA4,2,CTLA4,1000,0,-162,144
CD163->CCR7,0,CD163,1000,0,-115,161
CD163->CCR7,0,CCR7,1000,0,0,39
CD163->CCR7,1,CD163,1000,0,-96,100
CD163->CCR7,1,CCR7,1000,0,0,28
CD163->CCR7,2,CD163,1000,0,-64,70
CD163->CCR7,2,CCR7,1000,0,-1,25
CD163->CXCR4,0,CD163,1000,0,-115,161
CD163->CXCR4,0,CXCR4,1000,0,-380,990
CD163->CXCR4,1,CD163,1000,0,-96,100
CD163->CXCR4,1,CXCR4,1000,0,-141,275
CD163->CXCR4,2,CD163,1000,0,-64,70
CD163->CXCR4,2,CXCR4,1000,0,-94,157
CDH1->EGFR,0,CDH1,1000,0,-22119,3986
CDH1->EGFR,0,EGFR,1000,0,-8490,1567
CDH1->EGFR,1,CDH1,1000,0,-763,395
CDH1->EGFR,1,EGFR,1000,0,-328,305
CDH1->EGFR,2,CDH1,1000,0,-424,326
CDH1->EGFR,2,EGFR,1000,0,-204,237
CDH1->ERBB2,0,CDH1,1000,0,-22119,3986
CDH1->ERBB2,0,ERBB2,1000,0,-2772,669
CDH1->ERBB2,1,CDH1,1000,0,-763,395
CDH1->ERBB2,1,ERBB2,1000,0,-196,229
CDH1->ERBB2,2,CDH1,1000,0,-424,326
CDH1->ERBB2,2,ERBB2,1000,0,-122,182
MS4A1->CD274,0,MS4A1,1000,0,-91,67
MS4A1->CD274,0,CD274,1000,0,-69,210
MS4A1->CD274,1,MS4A1,1000,0,-17,25
MS4A1->CD274,1,CD274,1000,0,-32,225
MS4A1->CD274,2,MS4A1,1000,0,-11,26
MS4A1->CD274,2,CD274,1000,0,-23,151
CD68->CD274,0,CD68,1000,0,-1094,777
CD68->CD274,0,CD274,1000,0,-69,210
CD68->CD274,1,CD68,1000,0,-550,302
CD68->CD274,1,CD274,1000,0,-32,225
CD68->CD274,2,CD68,1000,0,-509,226
CD68->CD274,2,CD274,1000,0,-23,151
