pair,region,control,T0,T_lo,T_hi,T,nL,nR,inside,certified_pos_matched,certified_neg_matched
CD274->PDCD1,0,True,-1.605482078169108,-1.9536070945155488,-1.1509190781805303,-1.6356254620225172,522,3492,True,False,False
CD274->PDCD1,1,True,-1.6384129231881914,-1.8553311414372973,-1.1950641246505698,-1.6225694681256098,297,1892,True,False,False
CD274->PDCD1,2,True,-1.6967732423456965,-1.9114633253983428,-1.398680748171356,-1.7449258511209358,230,1205,True,False,False
CXCL12->CXCR4,0,True,0.7562893987491706,-1.561850824252037,2.835161521883371,1.1657006768295,1303,522,True,False,False
CXCL12->CXCR4,1,True,-0.1828437793834446,-1.8831346573505163,1.4356837278935108,0.1244540894096964,1452,297,True,False,False
CXCL12->CXCR4,2,True,-0.1547779204337374,-1.7290140145618351,1.3795104422163338,0.292181950840256,1046,230,True,False,False
PECAM1->KDR,0,True,0.1436634551634007,-1.8964218436629767,0.8230280058359964,0.6670691277003247,1971,1971,True,False,False
PECAM1->KDR,1,True,0.0315038614239998,-1.891953712287592,0.6846893558712193,0.6476240782809242,5305,5305,True,False,False
PECAM1->KDR,2,True,-0.2532509900211129,-1.890962157526553,0.3822047092041309,0.2053218223493675,2815,2815,True,False,False
ERBB2->EGFR,0,False,1.2515952522293343,-0.8132883082802175,1.536068796313896,1.7642252806986307,5684,5684,False,False,False
ERBB2->EGFR,1,False,-1.2110968694644,-1.9571305587804224,-0.6086468053053926,-1.052423891206386,1972,1972,True,False,False
ERBB2->EGFR,2,False,-1.208613108073369,-1.9401938849462808,-0.4780020382192615,-0.967948547600388,1216,1216,True,False,False
ERBB2->PDCD1,0,False,-0.8136436694305733,-1.6114971353366194,-0.6475900516753639,-0.5846429754456919,5684,3492,False,False,False
ERBB2->PDCD1,1,False,-1.6669195509024926,-1.976983376774604,-1.356530779725801,-1.5821263198813398,1972,1892,True,False,False
ERBB2->PDCD1,2,False,-1.667106345882877,-1.9739578661620087,-1.2752356039852382,-1.546459269029968,1216,1205,True,False,False
ESR1->PGR,0,False,-1.9598545203561053,-1.9932671688020425,-1.8808653614313733,-1.961184374065866,5684,5684,True,False,True
ESR1->PGR,1,False,-1.9587681242693955,-1.9983398214038053,-1.7933907640270164,-1.9463729115538295,1972,1972,True,False,True
ESR1->PGR,2,False,-1.9583739010113024,-2.0,-1.815875103016558,-1.9576964140639168,1216,1216,True,False,True
PGR->ESR1,0,False,-1.9598545203561053,-1.9932671688020425,-1.8808653614313733,-1.961184374065866,5684,5684,True,False,True
PGR->ESR1,1,False,-1.9587681242693955,-1.9983398214038053,-1.7933907640270164,-1.9463729115538295,1972,1972,True,False,True
PGR->ESR1,2,False,-1.9583739010113024,-2.0,-1.815875103016558,-1.9576964140639168,1216,1216,True,False,True
CD274->CTLA4,0,False,-0.8707518594235537,-1.9164859632506217,-0.2332895703000444,-0.800851126929009,522,3492,True,False,False
CD274->CTLA4,1,False,-1.3157056249111667,-1.847447542361464,-0.7863278644736196,-1.2683464094846115,297,1892,True,False,False
CD274->CTLA4,2,False,-1.3543296903405386,-1.896729290532842,-0.8537901756756429,-1.386024419716672,230,1205,True,False,False
CD274->CD8A,0,False,-0.9556552837592424,-1.923834171195417,-0.3438424698844022,-0.9071574417479694,522,3492,True,False,False
CD274->CD8A,1,False,-1.0878927052210536,-1.8427379787421327,-0.5467336088740081,-1.0541811919399695,297,1892,True,False,False
CD274->CD8A,2,False,-1.1709407803114635,-1.8869895401843435,-0.661245679532771,-1.1761491807767528,230,1205,True,False,False
CXCL12->CCR7,0,False,-1.1711981014664614,-1.96267446431118,-0.4794432321981325,-0.9577716626351024,1303,522,True,False,False
CXCL12->CCR7,1,False,-1.4532664367519543,-1.988583955934246,-0.8917039573916403,-1.2253762797752694,1452,297,True,False,False
CXCL12->CCR7,2,False,-1.3874386772240124,-1.9798221180623696,-0.693390104831114,-1.062000343051733,1046,230,True,False,False
PECAM1->PDCD1,0,False,-0.1870487020848189,-1.9093223323707835,0.289840149331483,0.1873014766497093,1971,3492,True,False,False
PECAM1->PDCD1,1,False,-0.3318807868323623,-1.9011892264835075,0.1333771292682708,0.1129504789576724,5305,1892,True,False,False
PECAM1->PDCD1,2,False,-0.5021971145729995,-1.909340686841408,-0.0103481780136807,-0.1452958034949131,2815,1205,True,False,False
PECAM1->CTLA4,0,False,0.5476815166607354,-1.8722012011058564,1.207469657211969,1.0220758117432176,1971,3492,True,False,False
PECAM1->CTLA4,1,False,-0.0091734885553375,-1.893305627407674,0.542113389445221,0.4671735375986703,5305,1892,True,False,False
PECAM1->CTLA4,2,False,-0.1597535625678418,-1.8946066519759064,0.5345423944820324,0.2136056279093504,2815,1205,True,False,False
CD163->CCR7,0,False,-0.8910656284468358,-1.5091949931031916,-0.2714157228935073,-0.6245755810687063,522,522,True,False,False
CD163->CCR7,1,False,-0.7698144737402131,-1.4779252052342342,-0.2802300210963153,-0.4949302998586836,297,297,True,False,False
CD163->CCR7,2,False,-0.7620714454098305,-1.3968901525685844,-0.2613248049639565,-0.675565049502063,230,230,True,False,False
CD163->CXCR4,0,False,1.0364218717687963,-1.1083713530440489,3.043189031187996,1.4988967583958963,522,522,True,False,False
CD163->CXCR4,1,False,0.500608183628297,-1.3724759066505043,2.047157664188836,0.8549000693262823,297,297,True,False,False
CD163->CXCR4,2,False,0.4705893113804446,-1.1460820490680497,1.811575742083492,0.6786172443899261,230,230,True,False,False
CDH1->EGFR,0,False,3.387847624598616,0.2098715995545892,3.716505017085468,4.035480050966765,5684,5684,False,True,False
CDH1->EGFR,1,False,-0.5785047561058902,-1.9151934852174903,0.052137130230707,-0.3614490161317852,1972,1972,True,False,False
CDH1->EGFR,2,False,-0.6173090804783864,-1.8332786810297688,0.1696606488839676,-0.3316514853400387,1216,1216,True,False,False
CDH1->ERBB2,0,False,2.37507850590336,-0.1998343628384321,2.6835676867843583,2.952232977811754,5684,5684,False,False,False
CDH1->ERBB2,1,False,-0.7452276561093547,-1.9151934852174903,-0.1609973232446445,-0.5246689936962071,1972,1972,True,False,False
CDH1->ERBB2,2,False,-0.7869986743912721,-1.8410005284075053,-0.0472284925492579,-0.5041186813448044,1216,1216,True,False,False
MS4A1->CD274,0,False,-0.7366246817050376,-1.877668060646031,-0.1669600179256668,-0.6805091846319116,143,5684,True,False,False
MS4A1->CD274,1,False,-1.5110887575855367,-1.996681551059292,-0.8158035531590251,-1.5439824726763862,99,1972,True,False,False
MS4A1->CD274,2,False,-1.298446574492619,-1.9317861889656,-0.3146587124712925,-1.4389633385243243,49,1216,True,False,False
CD68->CD274,0,False,1.4522961691927856,-0.1809892842299626,2.103484532816923,1.7842159707254623,522,5684,True,False,False
CD68->CD274,1,False,1.0528347704261765,-0.5254879252957096,1.8056593329907065,1.346160023947868,297,1972,True,False,False
CD68->CD274,2,False,1.374497085353593,-0.1926308219921106,1.994976709606611,1.5671372445861351,230,1216,True,False,False
