pair,control,region,nL,nR,nl_cells,nr_cells,dL_min,dL_max,dR_min,dR_max,T0,T_lo,T_hi,width,erode_full_in,T_erode_full,T_erode2,certified_pos,certified_neg,p_pos,p_neg,T_lo_perm_med,T_hi_perm_med,q_pos,q_neg,p_pos_ref,p_neg_ref,q_pos_ref,q_neg_ref,dq_pos,dq_neg,cert_pos_final,cert_neg_final
CD274->PDCD1,True,0,39,82,306,3453,-34,65,-82,43,-1.605482078169108,-1.9536070945155488,-1.1509190781805303,0.8026880163350181,True,-1.9536070945155488,-1.8723556784714857,False,True,0.009,1.0,-1.9906013019977504,-1.5379529296610213,0.0101249999999999,1.0,0.00999000999000999,1.0,0.011238761238761238,1.0,0.0011137612387613384,0.0,False,False
CD274->PDCD1,True,1,28,14,211,1823,-17,44,-13,21,-1.6384129231881914,-1.8553311414372973,-1.1950641246505698,0.6602670167867277,True,-1.8553311414372973,-1.829193867220572,False,True,0.0,0.987,-1.9729063391177248,-1.399242964872736,0.0,1.0,0.000999000999000999,0.987012987012987,0.0014985014985014987,1.0,0.0014985014985014987,0.0,False,False
CD274->PDCD1,True,2,17,9,158,1169,-12,18,-9,21,-1.6967732423456965,-1.9114633253983428,-1.398680748171356,0.512782577226987,True,-1.9114633253983428,-1.823119233713853,False,True,0.018,0.789,-1.9818526532897405,-1.489039999198793,0.0231428571428571,1.0,0.01898101898101898,0.7892107892107892,0.024404167261310117,1.0,0.0012613101184530164,0.0,False,False
CXCL12->CXCR4,True,0,385,429,992,306,-372,497,-380,990,0.7562893987491706,-1.561850824252037,2.835161521883371,4.3970123461354085,True,-1.561850824252037,-1.0343592923870475,False,False,0.0,1.0,-1.89267133064552,2.078955044282682,0.0,1.0,0.000999000999000999,1.0,0.001198801198801199,1.0,0.001198801198801199,0.0,False,False
CXCL12->CXCR4,True,1,232,149,1007,211,-228,350,-141,275,-0.1828437793834446,-1.8831346573505163,1.4356837278935108,3.318818385244027,True,-1.8831346573505163,-1.5233724881857902,False,False,0.127,0.999,-1.9348960850402577,0.9853985423813,0.1632857142857142,1.0,0.12787212787212787,0.999000999000999,0.1644070215498787,1.0,0.0011213072641645117,0.0,False,False
CXCL12->CXCR4,True,2,181,109,710,158,-176,310,-94,157,-0.1547779204337374,-1.7290140145618351,1.3795104422163338,3.108524456778169,True,-1.7290140145618351,-1.3514209292704835,False,False,0.001,1.0,-1.926050861621389,0.7286064482498444,0.0016363636363636,1.0,0.001998001998001998,1.0,0.0032694578149123606,1.0,0.0016330941785487605,0.0,False,False
PECAM1->KDR,True,0,2359,318,2004,2004,-2294,1208,-309,235,0.1436634551634007,-1.8964218436629772,0.8230280058359964,2.719449849498974,True,-1.8964218436629772,-1.4411000453340763,False,False,0.0,1.0,-1.9785260203671065,-0.2004316962856653,0.0,1.0,0.000999000999000999,1.0,0.001198801198801199,1.0,0.001198801198801199,0.0,False,False
PECAM1->KDR,True,1,5377,773,5049,5049,-5201,2765,-754,544,0.0315038614239998,-1.8919537122875916,0.6846893558712193,2.576643068158811,True,-1.8919537122875916,-1.48891562332739,False,False,0.0,1.0,-1.9343477975704333,0.2344335866717801,0.0,1.0,0.000999000999000999,1.0,0.0014985014985014987,1.0,0.0014985014985014987,0.0,False,False
PECAM1->KDR,True,2,2362,274,2652,2652,-2276,1321,-257,230,-0.2532509900211129,-1.890962157526553,0.3822047092041309,2.273166866730684,True,-1.890962157526553,-1.5604094263629076,False,False,0.0,1.0,-1.9432689754951835,-0.1393637675931982,0.0,1.0,0.000999000999000999,1.0,0.001998001998001998,1.0,0.001998001998001998,0.0,False,False
ERBB2->EGFR,False,0,3764,10862,6420,6420,-2772,669,-8490,1567,1.2515952522293343,-0.8132883082802175,1.536068796313896,2.3493571045941133,True,-0.8132883082802175,-0.0853538114881908,False,False,0.0,1.0,-0.8738668431070953,1.505709728827379,0.0,1.0,0.000999000999000999,1.0,0.001198801198801199,1.0,0.001198801198801199,0.0,False,False
ERBB2->EGFR,False,1,209,341,1737,1737,-196,229,-328,305,-1.2110968694644,-1.9571305587804224,-0.6086468053053926,1.3484837534750296,True,-1.9571305587804224,-1.8353542549595296,False,True,0.0,1.0,-1.978489903744488,-0.8742015922965896,0.0,1.0,0.000999000999000999,1.0,0.0014985014985014987,1.0,0.0014985014985014987,0.0,False,False
ERBB2->EGFR,False,2,132,217,1098,1098,-122,182,-204,237,-1.208613108073369,-1.9401938849462808,-0.4780020382192615,1.4621918467270196,True,-1.9401938849462808,-1.811916004428336,False,True,0.0,1.0,-1.9712385507237404,-0.766174325694235,0.0,1.0,0.000999000999000999,1.0,0.001998001998001998,1.0,0.001998001998001998,0.0,False,False
ERBB2->PDCD1,False,0,3764,82,6420,3453,-2772,669,-82,43,-0.8136436694305733,-1.6114971353366194,-0.6475900516753639,0.9639070836612555,True,-1.6114971353366194,-1.342882875440057,False,True,0.0,1.0,-1.6332910487793746,-0.6736003961461242,0.0,1.0,0.000999000999000999,1.0,0.001198801198801199,1.0,0.001198801198801199,0.0,False,False
ERBB2->PDCD1,False,1,209,14,1737,1823,-196,229,-13,21,-1.6669195509024926,-1.976983376774604,-1.356530779725801,0.6204525970488026,True,-1.976983376774604,-1.916084055010689,False,True,0.003,1.0,-1.99006746478874,-1.4987548645561906,0.0041538461538461,1.0,0.003996003996003996,1.0,0.005532928609851688,1.0,0.0013790824560055877,0.0,False,False
ERBB2->PDCD1,False,2,132,9,1098,1169,-122,182,-9,21,-1.667106345882877,-1.9739578661620087,-1.2752356039852382,0.6987222621767706,True,-1.9739578661620087,-1.913339902103818,False,True,0.021,1.0,-1.9869201729560104,-1.4248154463398195,0.0252,1.0,0.02197802197802198,1.0,0.026373626373626377,1.0,0.001173626373626377,0.0,False,False
ESR1->PGR,False,0,58,32,6420,6420,-48,113,-27,68,-1.9598545203561055,-1.9932671688020425,-1.8808653614313735,0.1124018073706685,True,-1.9932671688020425,-1.9834202360695572,False,True,1.0,0.0,-1.9896892247302564,-1.8344615390613612,1.0,0.0,1.0,0.000999000999000999,1.0,0.008991008991008992,0.0,0.008991008991008992,False,True
ESR1->PGR,False,1,13,12,1737,1737,-12,59,-12,45,-1.9587681242693955,-1.9983398214038053,-1.7933907640270164,0.2049490573767891,True,-1.9983398214038053,-1.9917067356439992,False,True,0.76,0.003,-1.9983398214038053,-1.7309488592915638,0.8047058823529412,0.027,0.7602397602397603,0.003996003996003996,0.8049597461362168,0.03596403596403597,0.00025386378327563186,0.008964035964035968,False,True
ESR1->PGR,False,2,13,3,1098,1098,-13,43,-3,14,-1.9583739010113024,-2.0,-1.815875103016558,0.1841248969834419,True,-2.0,-1.9947538304340409,False,True,1.0,0.001,-1.9973745305931767,-1.7388783224322966,1.0,0.009,1.0,0.001998001998001998,1.0,0.017982017982017984,0.0,0.008982017982017984,False,True
PGR->ESR1,False,0,32,58,6420,6420,-27,68,-48,113,-1.9598545203561055,-1.9932671688020425,-1.8808653614313735,0.1124018073706685,True,-1.9932671688020425,-1.9834202360695572,False,True,1.0,0.0,-1.9896892247302564,-1.8344615390613612,1.0,0.0,1.0,0.000999000999000999,1.0,0.008991008991008992,0.0,0.008991008991008992,False,True
PGR->ESR1,False,1,12,13,1737,1737,-12,45,-12,59,-1.9587681242693955,-1.9983398214038053,-1.7933907640270164,0.2049490573767891,True,-1.9983398214038053,-1.9917067356439992,False,True,0.76,0.003,-1.9983398214038053,-1.7309488592915638,0.8047058823529412,0.027,0.7602397602397603,0.003996003996003996,0.8049597461362168,0.03596403596403597,0.00025386378327563186,0.008964035964035968,False,True
PGR->ESR1,False,2,3,13,1098,1098,-3,14,-13,43,-1.9583739010113024,-2.0,-1.815875103016558,0.1841248969834419,True,-2.0,-1.9947538304340409,False,True,1.0,0.001,-1.9973745305931767,-1.7388783224322966,1.0,0.009,1.0,0.001998001998001998,1.0,0.017982017982017984,0.0,0.008982017982017984,False,True
CD274->CTLA4,False,0,39,1283,306,3453,-34,65,-1238,488,-0.8707518594235537,-1.9164859632506217,-0.2332895703000444,1.683196392950577,True,-1.9164859632506217,-1.633519591306579,False,True,0.0,1.0,-1.983383691458522,-0.8262512347479458,0.0,1.0,0.000999000999000999,1.0,0.001198801198801199,1.0,0.001198801198801199,0.0,False,False
CD274->CTLA4,False,1,28,246,211,1823,-17,44,-240,99,-1.3157056249111667,-1.847447542361464,-0.7863278644736196,1.0611196778878444,True,-1.847447542361464,-1.765853398444123,False,True,0.0,1.0,-1.9729063391177248,-1.1548050503850391,0.0,1.0,0.000999000999000999,1.0,0.0014985014985014987,1.0,0.0014985014985014987,0.0,False,False
CD274->CTLA4,False,2,17,168,158,1169,-12,18,-162,144,-1.3543296903405386,-1.896729290532842,-0.8537901756756429,1.042939114857199,True,-1.896729290532842,-1.734860781912691,False,True,0.004,0.999,-1.9769245697928883,-1.178797131873416,0.006,1.0,0.004995004995004995,0.999000999000999,0.007492507492507492,1.0,0.001492507492507492,0.0,False,False
CD274->CD8A,False,0,39,1111,306,3453,-34,65,-1075,402,-0.9556552837592424,-1.923834171195417,-0.3438424698844022,1.5799917013110147,True,-1.923834171195417,-1.7287167816680489,False,True,0.0,1.0,-1.9855962838265608,-0.9164267002349952,0.0,1.0,0.000999000999000999,1.0,0.001198801198801199,1.0,0.001198801198801199,0.0,False,False
CD274->CD8A,False,1,28,444,211,1823,-17,44,-435,128,-1.0878927052210536,-1.8427379787421327,-0.5467336088740081,1.2960043698681245,True,-1.8427379787421327,-1.734456723239034,False,True,0.0,1.0,-1.9729063391177248,-1.0281609527546924,0.0,1.0,0.000999000999000999,1.0,0.0014985014985014987,1.0,0.0014985014985014987,0.0,False,False
CD274->CD8A,False,2,17,270,158,1169,-12,18,-260,170,-1.1709407803114635,-1.8869895401843435,-0.661245679532771,1.2257438606515725,True,-1.8869895401843435,-1.716467607954809,False,True,0.001,1.0,-1.9769245697928883,-1.0462759516981563,0.0016363636363636,1.0,0.001998001998001998,1.0,0.0032694578149123606,1.0,0.0016330941785487605,0.0,False,False
CXCL12->CCR7,False,0,385,0,992,306,-372,497,0,5,-1.1711981014664614,-1.96267446431118,-0.4794432321981325,1.4832312321130474,True,-1.96267446431118,-1.843060640152168,False,True,0.0,1.0,-1.988412025724788,-0.8491736824297889,0.0,1.0,0.000999000999000999,1.0,0.001198801198801199,1.0,0.001198801198801199,0.0,False,False
CXCL12->CCR7,False,1,232,0,1007,211,-228,350,0,0,-1.4532664367519543,-1.988583955934246,-0.8917039573916403,1.0968799985426056,True,-1.988583955934246,-1.8950304403984572,False,True,0.565,0.966,-1.988583955934246,-1.028048326943641,0.6779999999999998,1.0,0.5654345654345654,0.9660339660339661,0.6785214785214785,1.0,0.0005214785214786577,0.0,False,False
CXCL12->CCR7,False,2,181,1,710,158,-176,310,-1,2,-1.3874386772240124,-1.9798221180623696,-0.693390104831114,1.2864320132312557,True,-1.9798221180623696,-1.905621176220953,False,True,0.157,1.0,-1.987859437127788,-1.0064446414721326,0.176625,1.0,0.15784215784215785,1.0,0.17757242757242758,1.0,0.0009474275724275782,0.0,False,False
PECAM1->PDCD1,False,0,2359,82,2004,3453,-2294,1208,-82,43,-0.1870487020848189,-1.9093223323707835,0.289840149331483,2.1991624817022664,True,-1.9093223323707835,-1.493107655511568,False,False,0.0,1.0,-1.9814027811226695,-0.497839215362092,0.0,1.0,0.000999000999000999,1.0,0.001198801198801199,1.0,0.001198801198801199,0.0,False,False
PECAM1->PDCD1,False,1,5377,14,5049,1823,-5201,2765,-13,21,-0.3318807868323623,-1.9011892264835075,0.1333771292682708,2.034566355751778,True,-1.9011892264835075,-1.547285053061408,False,False,0.0,1.0,-1.9390162178971484,-0.2333718374916301,0.0,1.0,0.000999000999000999,1.0,0.0014985014985014987,1.0,0.0014985014985014987,0.0,False,False
PECAM1->PDCD1,False,2,2362,9,2652,1169,-2276,1321,-9,21,-0.5021971145729995,-1.909340686841408,-0.0103481780136807,1.8989925088277269,True,-1.909340686841408,-1.608881037455566,False,True,0.0,1.0,-1.948698771294488,-0.4876656524229492,0.0,1.0,0.000999000999000999,1.0,0.001998001998001998,1.0,0.001998001998001998,0.0,False,False
PECAM1->CTLA4,False,0,2359,1283,2004,3453,-2294,1208,-1238,488,0.5476815166607354,-1.8722012011058564,1.207469657211969,3.0796708583178254,True,-1.8722012011058564,-1.2542715683466614,False,False,0.0,1.0,-1.9701123044707525,0.2157055375038592,0.0,1.0,0.000999000999000999,1.0,0.001198801198801199,1.0,0.001198801198801199,0.0,False,False
PECAM1->CTLA4,False,1,5377,246,5049,1823,-5201,2765,-240,99,-0.0091734885553375,-1.893305627407674,0.542113389445221,2.435419016852895,True,-1.893305627407674,-1.4839445842849592,False,False,0.0,1.0,-1.9363390827059652,0.0115491105155413,0.0,1.0,0.000999000999000999,1.0,0.0014985014985014987,1.0,0.0014985014985014987,0.0,False,False
PECAM1->CTLA4,False,2,2362,168,2652,1169,-2276,1321,-162,144,-0.1597535625678418,-1.8946066519759064,0.5345423944820324,2.429149046457939,True,-1.8946066519759064,-1.5206225856544042,False,False,0.0,1.0,-1.944821066468635,-0.180611142278583,0.0,1.0,0.000999000999000999,1.0,0.001998001998001998,1.0,0.001998001998001998,0.0,False,False
CD163->CCR7,False,0,177,0,306,306,-115,161,0,5,-0.8910656284468358,-1.5091949931031916,-0.2714157228935073,1.237779270209684,True,-1.5091949931031916,-1.3148733373534118,False,True,0.0,1.0,-1.9719856238304037,-1.219132602400904,0.0,1.0,0.000999000999000999,1.0,0.001198801198801199,1.0,0.001198801198801199,0.0,False,False
CD163->CCR7,False,1,142,0,211,211,-96,100,0,0,-0.7698144737402131,-1.4779252052342342,-0.2802300210963153,1.1976951841379189,True,-1.4779252052342342,-1.139898606782228,False,True,0.0,1.0,-1.9201992887868804,-1.3512796305614474,0.0,1.0,0.000999000999000999,1.0,0.0014985014985014987,1.0,0.0014985014985014987,0.0,False,False
CD163->CCR7,False,2,105,1,158,158,-64,70,-1,2,-0.7620714454098305,-1.3968901525685844,-0.2613248049639565,1.135565347604628,True,-1.3968901525685844,-1.226965151126272,False,True,0.0,1.0,-1.8943898120394012,-1.313515183082706,0.0,1.0,0.000999000999000999,1.0,0.001998001998001998,1.0,0.001998001998001998,0.0,False,False
CD163->CXCR4,False,0,177,429,306,306,-115,161,-380,990,1.0364218717687963,-1.1083713530440489,3.043189031187996,4.151560384232045,True,-1.1083713530440489,-0.5061719895882912,False,False,0.0,1.0,-1.871821461904972,1.708848949660772,0.0,1.0,0.000999000999000999,1.0,0.001198801198801199,1.0,0.001198801198801199,0.0,False,False
CD163->CXCR4,False,1,142,149,211,211,-96,100,-141,275,0.500608183628297,-1.3724759066505043,2.047157664188836,3.4196335708393404,True,-1.3724759066505043,-0.7682406545695608,False,False,0.0,1.0,-1.854801739727966,0.6572624334357662,0.0,1.0,0.000999000999000999,1.0,0.0014985014985014987,1.0,0.0014985014985014987,0.0,False,False
CD163->CXCR4,False,2,105,109,158,158,-64,70,-94,157,0.4705893113804446,-1.1460820490680497,1.8115757420834917,2.957657791151541,True,-1.1460820490680497,-0.6727649041758028,False,False,0.0,1.0,-1.8254848902252,0.4188538768545361,0.0,1.0,0.000999000999000999,1.0,0.001998001998001998,1.0,0.001998001998001998,0.0,False,False
CDH1->EGFR,False,0,27449,10862,6420,6420,-22119,3986,-8490,1567,3.387847624598616,0.2098715995545892,3.716505017085468,3.506633417530878,True,0.2098715995545892,1.370499051217785,True,False,0.0,1.0,0.1071099533573309,3.6579481590076695,0.0,1.0,0.000999000999000999,1.0,0.001198801198801199,1.0,0.001198801198801199,0.0,True,False
CDH1->EGFR,False,1,802,341,1737,1737,-763,395,-328,305,-0.5785047561058902,-1.9151934852174903,0.052137130230707,1.967330615448197,True,-1.9151934852174903,-1.6090403986430957,False,False,0.0,1.0,-1.9686140291892864,-0.4906813178261085,0.0,1.0,0.000999000999000999,1.0,0.0014985014985014987,1.0,0.0014985014985014987,0.0,False,False
CDH1->EGFR,False,2,477,217,1098,1098,-424,326,-204,237,-0.6173090804783864,-1.8332786810297688,0.1696606488839676,2.002939329913737,True,-1.8332786810297688,-1.5743501799849755,False,False,0.0,1.0,-1.942777045960284,-0.4250394557994382,0.0,1.0,0.000999000999000999,1.0,0.001998001998001998,1.0,0.001998001998001998,0.0,False,False
CDH1->ERBB2,False,0,27449,3764,6420,6420,-22119,3986,-2772,669,2.37507850590336,-0.1998343628384321,2.6835676867843583,2.8834020496227906,True,-0.1998343628384321,0.7501016460773788,False,False,0.0,1.0,-0.2862324309227047,2.634935064603069,0.0,1.0,0.000999000999000999,1.0,0.001198801198801199,1.0,0.001198801198801199,0.0,False,False
CDH1->ERBB2,False,1,802,209,1737,1737,-763,395,-196,229,-0.7452276561093547,-1.9151934852174903,-0.1609973232446445,1.754196161972846,True,-1.9151934852174903,-1.6121783988816527,False,True,0.0,1.0,-1.9703002881652285,-0.6531684287868562,0.0,1.0,0.000999000999000999,1.0,0.0014985014985014987,1.0,0.0014985014985014987,0.0,False,False
CDH1->ERBB2,False,2,477,132,1098,1098,-424,326,-122,182,-0.7869986743912721,-1.8410005284075053,-0.0472284925492579,1.7937720358582474,True,-1.8410005284075053,-1.5989701467579795,False,True,0.0,1.0,-1.947927274648908,-0.5404983269385775,0.0,1.0,0.000999000999000999,1.0,0.001998001998001998,1.0,0.001998001998001998,0.0,False,False
MS4A1->CD274,False,0,97,86,145,6420,-91,67,-69,210,-0.7366246817050376,-1.877668060646031,-0.1669600179256668,1.710708042720364,True,-1.877668060646031,-1.35092737659029,False,True,0.0,1.0,-1.985689206492124,-1.4672728277818825,0.0,1.0,0.000999000999000999,1.0,0.001198801198801199,1.0,0.001198801198801199,0.0,False,False
MS4A1->CD274,False,1,17,34,97,1737,-17,20,-32,217,-1.5110887575855367,-1.996681551059292,-0.8158035531590251,1.1808779979002666,True,-1.996681551059292,-1.8119313622893856,False,True,0.999,1.0,-1.9851267235184695,-1.4939787089789114,0.999,1.0,0.999000999000999,1.0,0.999000999000999,1.0,9.990009990357152e-07,0.0,False,False
MS4A1->CD274,False,2,12,24,43,1098,-11,22,-23,111,-1.298446574492619,-1.9317861889656,-0.3146587124712925,1.617127476494307,True,-1.9317861889656,-1.8585960759804707,False,True,0.009,1.0,-1.9869201729560104,-1.5422416257365343,0.0124615384615384,1.0,0.00999000999000999,1.0,0.013832321524629217,1.0,0.001370783063090816,0.0,False,False
CD68->CD274,False,0,1478,86,306,6420,-1094,777,-69,210,1.4522961691927856,-0.1809892842299626,2.103484532816923,2.284473817046885,True,-0.1809892842299626,0.4565173462853003,False,False,0.0,1.0,-1.7763617768473332,0.2193195670264066,0.0,1.0,0.000999000999000999,1.0,0.001198801198801199,1.0,0.001198801198801199,0.0,False,False
CD68->CD274,False,1,737,34,211,1737,-550,302,-32,217,1.0528347704261765,-0.5254879252957096,1.8056593329907065,2.331147258286416,True,-0.5254879252957096,0.0784173215570345,False,False,0.0,1.0,-1.619152992232498,0.3403633361248581,0.0,1.0,0.000999000999000999,1.0,0.0014985014985014987,1.0,0.0014985014985014987,0.0,False,False
CD68->CD274,False,2,706,24,158,1098,-509,226,-23,111,1.374497085353593,-0.1926308219921106,1.994976709606611,2.187607531598722,True,-0.1926308219921106,0.4741706696029775,False,False,0.0,1.0,-1.4641758341414983,0.5848377537378077,0.0,1.0,0.000999000999000999,1.0,0.001998001998001998,1.0,0.001998001998001998,0.0,False,False
