pair,control,region,nL,nR,nl_cells,nr_cells,dL_min,dL_max,dR_min,dR_max,T0,T_lo,T_hi,width,erode_full_in,T_erode_full,T_erode2,certified_pos,certified_neg
CD274->PDCD1,True,0,39,82,306,3453,-34,65,-82,43,-1.605482078169108,-1.9536070945155486,-1.1509190781805305,0.8026880163350181,True,-1.9536070945155486,-1.8723556784714857,False,True
CD274->PDCD1,True,1,28,14,211,1823,-17,44,-13,21,-1.6384129231881914,-1.8553311414372975,-1.1950641246505698,0.6602670167867277,True,-1.8553311414372975,-1.8291938672205716,False,True
CD274->PDCD1,True,2,17,9,158,1169,-12,18,-9,21,-1.6967732423456963,-1.9114633253983428,-1.398680748171356,0.512782577226987,True,-1.9114633253983428,-1.823119233713853,False,True
CXCL12->CXCR4,True,0,385,429,992,306,-372,497,-380,990,0.7562893987491706,-1.561850824252037,2.835161521883371,4.3970123461354085,True,-1.561850824252037,-1.0343592923870475,False,False
CXCL12->CXCR4,True,1,232,149,1007,211,-228,350,-141,275,-0.1828437793834446,-1.8831346573505163,1.4356837278935108,3.318818385244027,True,-1.8831346573505163,-1.5233724881857902,False,False
CXCL12->CXCR4,True,2,181,109,710,158,-176,310,-94,157,-0.1547779204337374,-1.7290140145618351,1.3795104422163338,3.108524456778169,True,-1.7290140145618351,-1.3514209292704835,False,False
PECAM1->KDR,True,0,2359,318,2004,2004,-2294,1208,-309,235,0.14366345516340073,-1.8964218436629774,0.8230280058359964,2.719449849498974,True,-1.8964218436629774,-1.4411000453340765,False,False
PECAM1->KDR,True,1,5377,773,5049,5049,-5201,2765,-754,544,0.03150386142399986,-1.8919537122875913,0.6846893558712193,2.576643068158811,True,-1.8919537122875913,-1.4889156233273901,False,False
PECAM1->KDR,True,2,2362,274,2652,2652,-2276,1321,-257,230,-0.25325099002111295,-1.890962157526553,0.38220470920413097,2.273166866730684,True,-1.890962157526553,-1.5604094263629076,False,False
ERBB2->EGFR,False,0,3764,10862,6420,6420,-2772,669,-8490,1567,1.2515952522293345,-0.8132883082802175,1.536068796313896,2.3493571045941133,True,-0.8132883082802175,-0.08535381148819082,False,False
ERBB2->EGFR,False,1,209,341,1737,1737,-196,229,-328,305,-1.2110968694644,-1.9571305587804222,-0.6086468053053926,1.3484837534750296,True,-1.9571305587804222,-1.8353542549595296,False,True
ERBB2->EGFR,False,2,132,217,1098,1098,-122,182,-204,237,-1.208613108073369,-1.9401938849462812,-0.47800203821926157,1.4621918467270196,True,-1.9401938849462812,-1.811916004428336,False,True
ERBB2->PDCD1,False,0,3764,82,6420,3453,-2772,669,-82,43,-0.8136436694305733,-1.6114971353366194,-0.6475900516753639,0.9639070836612555,True,-1.6114971353366194,-1.342882875440057,False,True
ERBB2->PDCD1,False,1,209,14,1737,1823,-196,229,-13,21,-1.6669195509024926,-1.9769833767746037,-1.356530779725801,0.6204525970488026,True,-1.9769833767746037,-1.916084055010689,False,True
ERBB2->PDCD1,False,2,132,9,1098,1169,-122,182,-9,21,-1.667106345882877,-1.9739578661620087,-1.2752356039852382,0.6987222621767706,True,-1.9739578661620087,-1.913339902103818,False,True
ESR1->PGR,False,0,58,32,6420,6420,-48,113,-27,68,-1.9598545203561057,-1.9932671688020422,-1.8808653614313737,0.11240180737066852,True,-1.9932671688020422,-1.9834202360695574,False,True
ESR1->PGR,False,1,13,12,1737,1737,-12,59,-12,45,-1.9587681242693955,-1.9983398214038055,-1.7933907640270164,0.20494905737678915,True,-1.9983398214038055,-1.9917067356439992,False,True
ESR1->PGR,False,2,13,3,1098,1098,-13,43,-3,14,-1.9583739010113022,-2.0,-1.815875103016558,0.18412489698344192,True,-2.0,-1.9947538304340409,False,True
PGR->ESR1,False,0,32,58,6420,6420,-27,68,-48,113,-1.9598545203561057,-1.9932671688020422,-1.8808653614313737,0.11240180737066852,True,-1.9932671688020422,-1.9834202360695574,False,True
PGR->ESR1,False,1,12,13,1737,1737,-12,45,-12,59,-1.9587681242693955,-1.9983398214038055,-1.7933907640270164,0.20494905737678915,True,-1.9983398214038055,-1.9917067356439992,False,True
PGR->ESR1,False,2,3,13,1098,1098,-3,14,-13,43,-1.9583739010113022,-2.0,-1.815875103016558,0.18412489698344192,True,-2.0,-1.9947538304340409,False,True
CD274->CTLA4,False,0,39,1283,306,3453,-34,65,-1238,488,-0.8707518594235537,-1.9164859632506217,-0.23328957030004446,1.6831963929505773,True,-1.9164859632506217,-1.633519591306579,False,True
CD274->CTLA4,False,1,28,246,211,1823,-17,44,-240,99,-1.3157056249111667,-1.847447542361464,-0.7863278644736196,1.0611196778878444,True,-1.847447542361464,-1.765853398444123,False,True
CD274->CTLA4,False,2,17,168,158,1169,-12,18,-162,144,-1.3543296903405386,-1.896729290532842,-0.8537901756756429,1.042939114857199,True,-1.896729290532842,-1.7348607819126913,False,True
CD274->CD8A,False,0,39,1111,306,3453,-34,65,-1075,402,-0.9556552837592425,-1.923834171195417,-0.34384246988440226,1.5799917013110147,True,-1.923834171195417,-1.7287167816680489,False,True
CD274->CD8A,False,1,28,444,211,1823,-17,44,-435,128,-1.0878927052210536,-1.8427379787421327,-0.5467336088740081,1.2960043698681245,True,-1.8427379787421327,-1.734456723239034,False,True
CD274->CD8A,False,2,17,270,158,1169,-12,18,-260,170,-1.1709407803114635,-1.8869895401843433,-0.661245679532771,1.2257438606515723,True,-1.8869895401843433,-1.716467607954809,False,True
CXCL12->CCR7,False,0,385,0,992,306,-372,497,0,5,-1.1711981014664614,-1.96267446431118,-0.4794432321981325,1.4832312321130474,True,-1.96267446431118,-1.843060640152168,False,True
CXCL12->CCR7,False,1,232,0,1007,211,-228,350,0,0,-1.4532664367519545,-1.988583955934246,-0.8917039573916403,1.0968799985426056,True,-1.988583955934246,-1.8950304403984575,False,True
CXCL12->CCR7,False,2,181,1,710,158,-176,310,-1,2,-1.3874386772240124,-1.9798221180623696,-0.693390104831114,1.2864320132312557,True,-1.9798221180623696,-1.905621176220953,False,True
PECAM1->PDCD1,False,0,2359,82,2004,3453,-2294,1208,-82,43,-0.18704870208481894,-1.9093223323707833,0.28984014933148305,2.1991624817022664,True,-1.9093223323707833,-1.493107655511568,False,False
PECAM1->PDCD1,False,1,5377,14,5049,1823,-5201,2765,-13,21,-0.33188078683236233,-1.9011892264835073,0.13337712926827083,2.034566355751778,True,-1.9011892264835073,-1.547285053061408,False,False
PECAM1->PDCD1,False,2,2362,9,2652,1169,-2276,1321,-9,21,-0.5021971145729995,-1.9093406868414076,-0.010348178013680709,1.8989925088277269,True,-1.9093406868414076,-1.608881037455566,False,True
PECAM1->CTLA4,False,0,2359,1283,2004,3453,-2294,1208,-1238,488,0.5476815166607354,-1.8722012011058564,1.207469657211969,3.0796708583178254,True,-1.8722012011058564,-1.2542715683466614,False,False
PECAM1->CTLA4,False,1,5377,246,5049,1823,-5201,2765,-240,99,-0.009173488555337506,-1.893305627407674,0.542113389445221,2.435419016852895,True,-1.893305627407674,-1.4839445842849592,False,False
PECAM1->CTLA4,False,2,2362,168,2652,1169,-2276,1321,-162,144,-0.1597535625678418,-1.8946066519759066,0.5345423944820324,2.429149046457939,True,-1.8946066519759066,-1.5206225856544042,False,False
CD163->CCR7,False,0,177,0,306,306,-115,161,0,5,-0.8910656284468358,-1.5091949931031916,-0.27141572289350735,1.2377792702096841,True,-1.5091949931031916,-1.3148733373534118,False,True
CD163->CCR7,False,1,142,0,211,211,-96,100,0,0,-0.7698144737402131,-1.4779252052342342,-0.28023002109631534,1.1976951841379189,True,-1.4779252052342342,-1.139898606782228,False,True
CD163->CCR7,False,2,105,1,158,158,-64,70,-1,2,-0.7620714454098305,-1.3968901525685844,-0.2613248049639565,1.135565347604628,True,-1.3968901525685844,-1.226965151126272,False,True
CD163->CXCR4,False,0,177,429,306,306,-115,161,-380,990,1.0364218717687963,-1.1083713530440487,3.043189031187996,4.151560384232045,True,-1.1083713530440487,-0.5061719895882912,False,False
CD163->CXCR4,False,1,142,149,211,211,-96,100,-141,275,0.500608183628297,-1.3724759066505043,2.047157664188836,3.4196335708393404,True,-1.3724759066505043,-0.7682406545695608,False,False
CD163->CXCR4,False,2,105,109,158,158,-64,70,-94,157,0.4705893113804446,-1.1460820490680497,1.8115757420834913,2.957657791151541,True,-1.1460820490680497,-0.6727649041758028,False,False
CDH1->EGFR,False,0,27449,10862,6420,6420,-22119,3986,-8490,1567,3.387847624598616,0.20987159955458923,3.716505017085468,3.5066334175308786,True,0.20987159955458923,1.370499051217785,True,False
CDH1->EGFR,False,1,802,341,1737,1737,-763,395,-328,305,-0.5785047561058902,-1.9151934852174906,0.05213713023070707,1.9673306154481975,True,-1.9151934852174906,-1.6090403986430957,False,False
CDH1->EGFR,False,2,477,217,1098,1098,-424,326,-204,237,-0.6173090804783864,-1.8332786810297692,0.16966064888396765,2.002939329913737,True,-1.8332786810297692,-1.5743501799849757,False,False
CDH1->ERBB2,False,0,27449,3764,6420,6420,-22119,3986,-2772,669,2.37507850590336,-0.19983436283843214,2.6835676867843583,2.8834020496227906,True,-0.19983436283843214,0.7501016460773788,False,False
CDH1->ERBB2,False,1,802,209,1737,1737,-763,395,-196,229,-0.7452276561093547,-1.9151934852174906,-0.16099732324464458,1.754196161972846,True,-1.9151934852174906,-1.6121783988816527,False,True
CDH1->ERBB2,False,2,477,132,1098,1098,-424,326,-122,182,-0.7869986743912721,-1.8410005284075053,-0.04722849254925793,1.7937720358582474,True,-1.8410005284075053,-1.5989701467579795,False,True
MS4A1->CD274,False,0,97,86,145,6420,-91,67,-69,210,-0.7366246817050376,-1.877668060646031,-0.16696001792566684,1.710708042720364,True,-1.877668060646031,-1.35092737659029,False,True
MS4A1->CD274,False,1,17,34,97,1737,-17,20,-32,217,-1.5110887575855367,-1.9966815510592917,-0.8158035531590251,1.1808779979002666,True,-1.9966815510592917,-1.8119313622893856,False,True
MS4A1->CD274,False,2,12,24,43,1098,-11,22,-23,111,-1.298446574492619,-1.9317861889655998,-0.31465871247129257,1.6171274764943073,True,-1.9317861889655998,-1.8585960759804707,False,True
CD68->CD274,False,0,1478,86,306,6420,-1094,777,-69,210,1.4522961691927856,-0.18098928422996263,2.103484532816923,2.2844738170468855,True,-0.18098928422996263,0.4565173462853003,False,False
CD68->CD274,False,1,737,34,211,1737,-550,302,-32,217,1.0528347704261765,-0.5254879252957096,1.8056593329907065,2.331147258286416,True,-0.5254879252957096,0.07841732155703451,False,False
CD68->CD274,False,2,706,24,158,1098,-509,226,-23,111,1.374497085353593,-0.19263082199211068,1.994976709606611,2.187607531598722,True,-0.19263082199211068,0.4741706696029775,False,False
