pair,region,control,N_L_eroded,N_R_eroded,T_eroded,N_L_nucleus,N_R_nucleus,T_nucleus,T_lo,T_hi,T0,covered_eroded,nucleus_outside_U
CD274->PDCD1,0,True,360,78,-1.9301813379532349,319,110,-1.9243170554501299,-1.9534348738482337,-1.7331293749382954,-1.8819667151327095,True,False
CD274->PDCD1,1,True,171,25,-1.9614015324024543,143,38,-1.9551296511108975,-1.976417647301219,-1.814835970322558,-1.933153319579768,True,False
CD274->PDCD1,2,True,127,56,-1.9500396154024058,108,82,-1.944824032983804,-1.973010436735478,-1.7023462717562992,-1.9085257587714024,True,False
CXCL12->CXCR4,0,True,75491,15552,3.6509791264436764,22536,19719,2.4693981045060402,2.667130768143977,5.87726175138376,5.060977776075684,True,True
CXCL12->CXCR4,1,True,15246,6273,2.971035248834152,6042,8036,2.1867349847903124,1.9565410449490737,5.426066464962904,4.429567862446977,True,False
CXCL12->CXCR4,2,True,67543,12627,3.7233572687771144,22073,17995,2.738640281033083,2.626065768748802,6.129507093581818,5.316929389837453,True,False
CCL5->CCR7,0,True,742,2031,-1.0401830745538003,436,2652,-1.052127155297653,-1.4220404116787262,1.6742915781457768,-0.3001605759179638,True,False
CCL5->CCR7,1,True,236,785,-1.2243271057453073,208,1069,-1.1119675748924198,-1.5560728040008254,1.6566241445835703,-0.4765100253134148,True,False
CCL5->CCR7,2,True,464,1693,-1.1070599711429896,384,2540,-0.9594620572809032,-1.515129165831245,1.9231769750831675,-0.25593913640269,True,False
PECAM1->KDR,0,True,5960,794,2.462623929781033,4558,687,2.009149544786994,1.4940248100816538,5.214272147729796,3.967508593197624,True,False
PECAM1->KDR,1,True,2033,513,2.5169840038459297,1709,509,2.2924088115336723,1.3132518980896497,5.817278669331279,4.219448923182984,True,False
PECAM1->KDR,2,True,2039,526,2.5363162395175936,1783,518,2.3536404297280415,1.3430477308403588,5.92225921052513,4.311632279266278,True,False
CD163->CD3D,0,True,7299,3049,0.8104356123849507,5631,3883,0.6944994348699985,0.1493431687573345,2.55095765903977,1.7980468517834445,True,False
CD163->CD3D,1,True,2747,1118,0.4798641342465906,2394,1426,0.47906653634873825,-0.1849691513451029,2.4338617856085696,1.527577380847403,True,False
CD163->CD3D,2,True,4608,2526,0.6855735971511144,3827,3551,0.7061570162708878,-0.0176139801679363,2.60633653220012,1.7864722790860674,True,False
ERBB2->EGFR,0,False,188463,2614,2.3722808582159174,163136,2351,2.1506758965690413,1.5517083045818798,4.579670662922327,3.712148599647504,True,False
ERBB2->EGFR,1,False,217967,1507,2.4051973278922594,192690,1341,2.2197966189922322,1.6346718741565085,4.3824190806855645,3.603353593781488,True,False
ERBB2->EGFR,2,False,102866,1214,2.391043690011496,87389,1159,2.159563518558504,1.617936266849294,4.7546643269360365,3.657314884810975,True,False
ERBB2->PDCD1,0,False,188463,78,2.1103298552383394,163136,110,1.9260047604024881,1.3886741773460791,3.609526009303072,3.211718844639491,True,False
ERBB2->PDCD1,1,False,217967,25,2.255748956756763,192690,38,2.0974607335467903,1.542315871863706,3.856497169587576,3.319512302569594,True,False
ERBB2->PDCD1,2,False,102866,56,2.1543856611095666,87389,82,1.943171405745074,1.4653103466397224,3.725983662299057,3.197055041997153,True,False
ESR1->PGR,0,False,7746,495,-1.2131886104988328,9709,512,-1.0732005470034378,-1.5076715005054853,-0.274842438766765,-0.7104209369794624,True,False
ESR1->PGR,1,False,2711,169,-1.6907603993435436,3225,150,-1.6440984466789854,-1.8143818516687735,-1.1818469984701805,-1.4520464428580435,True,False
ESR1->PGR,2,False,2467,119,-1.4903293294053948,2809,115,-1.4354979749163617,-1.6566966095515323,-0.7625007283407095,-1.1716178269855717,True,False
PGR->ESR1,0,False,495,7746,-1.2131886104988328,512,9709,-1.0732005470034378,-1.5076715005054853,-0.274842438766765,-0.7104209369794624,True,False
PGR->ESR1,1,False,169,2711,-1.6907603993435436,150,3225,-1.6440984466789854,-1.8143818516687735,-1.1818469984701805,-1.4520464428580435,True,False
PGR->ESR1,2,False,119,2467,-1.4903293294053948,115,2809,-1.4354979749163617,-1.6566966095515323,-0.7625007283407095,-1.1716178269855717,True,False
CD274->CTLA4,0,False,360,2607,-1.2610370688328643,319,3679,-1.055128053743455,-1.551634177934015,-0.5363615085241185,-0.9190331280366804,True,False
CD274->CTLA4,1,False,171,1212,-1.2781391624326126,143,1749,-1.054077708725012,-1.5795415532788402,-0.5145177079479953,-0.9347907818109168,True,False
CD274->CTLA4,2,False,127,2145,-1.3333842687960025,108,3343,-1.0753195621853444,-1.6447863966244265,-0.5114891417944967,-0.9398139039097084,True,False
CD274->CD8A,0,False,360,5606,-0.7348771073021179,319,7185,-0.5245007677558142,-1.1778765079967426,0.5125729964651402,-0.0856786535819221,True,False
CD274->CD8A,1,False,171,2308,-0.8469724455746382,143,3037,-0.6214737442177546,-1.2781723592962606,0.5054033626794737,-0.1907791327061548,True,False
CD274->CD8A,2,False,127,4532,-0.8506021628813246,108,6023,-0.6190227327628361,-1.3240413235671007,0.5510817349765542,-0.1483343732222342,True,False
CXCL12->CCR7,0,False,75491,2031,1.987703776242335,22536,2652,0.6669640565090067,1.394865430139431,3.65275490067356,2.9836663605812483,True,True
CXCL12->CCR7,1,False,15246,785,1.377433829839123,6042,1069,0.4557137940379341,0.7666096170781673,3.106483803893801,2.366214969061144,True,True
CXCL12->CCR7,2,False,67543,1693,2.153539941056704,22073,2540,0.9669801060086668,1.5440190415856558,3.80684646475481,3.217750537784923,True,True
CCL5->CXCR4,0,False,742,15552,0.6230922756475412,436,19719,0.7503068926993804,-0.1497750736741803,3.898798428855976,1.7771508395764717,True,False
CCL5->CXCR4,1,False,236,6273,0.3692743132497215,208,8036,0.6190536158599584,-0.3661413761299189,3.976206805652673,1.586842868072419,True,False
CCL5->CXCR4,2,False,464,12627,0.462757356577421,384,17995,0.812198117743513,-0.4330824386680985,4.245837603910175,1.84323971564984,True,False
PECAM1->PDCD1,0,False,5960,78,1.3508272189332953,4558,110,1.0182841313118023,0.75770211312703,2.730607295012653,2.1967916882216896,True,False
PECAM1->PDCD1,1,False,2033,25,1.046820053519133,1709,38,0.8390434467919806,0.3753701373596255,2.686515365033735,1.9664918588114697,True,False
PECAM1->PDCD1,2,False,2039,56,1.0483508183613133,1783,82,0.8895215174287893,0.332622710789123,2.775610716789618,2.0078496873788394,True,False
PECAM1->CTLA4,0,False,5960,2607,2.019971488053666,4558,3679,1.887473133018477,1.1595028090412487,3.9273751614268297,3.1597252753177187,True,False
PECAM1->CTLA4,1,False,2033,1212,1.730082423488975,1709,1749,1.7400953891778663,0.7722462313820044,3.9868336274082976,2.9648543965803205,True,False
PECAM1->CTLA4,2,False,2039,2145,1.6650061649677166,1783,3343,1.7590259882272488,0.6608467509001744,3.96646784675142,2.9765615422405336,True,False
CD163->CCR7,0,False,7299,2031,0.592360931712901,5631,2652,0.45637398950599095,-0.0237154931700614,2.3382418782537857,1.5161274709096482,True,False
CD163->CCR7,1,False,2747,785,0.3132142648371392,2394,1069,0.3170352964191814,-0.3195476110690623,2.173495344741797,1.273324754776248,True,False
CD163->CCR7,2,False,4608,1693,0.4839623237965102,3827,2540,0.4945914435092964,-0.1770124982744974,2.3242455267282827,1.4752117363371893,True,False
CD163->CXCR4,0,False,7299,15552,2.2556362819142426,5631,19719,2.2588080375030244,1.2485498448344845,4.562748728963985,3.593438886404084,True,False
CD163->CXCR4,1,False,2747,6273,1.9068156838321682,2394,8036,2.0480564871715594,0.8703838168018441,4.493078005810899,3.3366776481620817,True,False
CD163->CXCR4,2,False,4608,12627,2.053779651516921,3827,17995,2.2662516185337127,0.9050342288886488,4.646906155555291,3.57439058838972,True,False
ACTA2->EGFR,0,False,335,2614,1.4244289379367694,234,2351,0.9493814537126185,0.6422169803096781,4.266830461456596,2.634783469316368,True,False
ACTA2->EGFR,1,False,109,1507,0.47937064268968244,114,1341,0.5136989862102692,-0.2439722808693118,3.732409299834967,1.8076959255387173,True,False
ACTA2->EGFR,2,False,67,1214,0.40665861168529427,107,1159,0.9443026248114501,-0.9332691863753202,4.472034762861354,2.2372515121777097,True,False
ACTA2->ERBB2,0,False,335,188463,5.219807259317097,234,163136,4.5762492655506035,3.834448312664524,8.762414074419393,7.252290812831815,True,False
ACTA2->ERBB2,1,False,109,217967,4.548621539992963,114,192690,4.432694691396408,3.1851811832499504,8.893547707425917,6.771191599492288,True,False
ACTA2->ERBB2,2,False,67,102866,4.282837095875155,107,87389,4.610443605411177,2.360050133260152,9.040719695446128,6.899538059465785,True,False
KRT8->ERBB2,0,False,13808,188463,4.1095167054551,14846,163136,3.9940412226717994,2.7446678558621995,7.864217593772805,6.390472131501996,True,False
KRT8->ERBB2,1,False,26578,217967,4.39383123802255,25127,192690,4.163574413610172,3.053551039690163,7.934494241765368,6.551501620804681,True,False
KRT8->ERBB2,2,False,18398,102866,4.6514240884666815,17870,87389,4.39607978548944,3.331141182904955,8.152670783931486,6.783439762366667,True,False
CDH1->EGFR,0,False,7910,2614,-0.2470200172042215,8371,2351,-0.22092538468964296,-0.879723673648558,2.4968869448926365,1.0111513767599147,True,False
CDH1->EGFR,1,False,14706,1507,-0.28916333710392295,14534,1341,-0.3178614189380897,-0.8783561669237061,1.994983593542824,0.8777437453732658,True,False
CDH1->EGFR,2,False,9904,1214,0.08309902159055993,9860,1159,0.0677691036763377,-0.5695384416951764,2.7400154421458867,1.3432749534583897,True,False
CDH1->ERBB2,0,False,7910,188463,3.548358304176106,8371,163136,3.405942427148342,2.312507658706288,6.992470557855434,5.628658720275363,True,False
CDH1->ERBB2,1,False,14706,217967,3.780087560199357,14534,192690,3.6011342862480498,2.5507972971955564,7.156122001133774,5.841239419326836,True,False
CDH1->ERBB2,2,False,9904,102866,3.9592775057804204,9860,87389,3.733910084276065,2.723780877940296,7.308700374730661,6.005561500746465,True,False
CD3D->ERBB2,0,False,3049,188463,2.870140184620373,3883,163136,2.8320374478783292,1.846826503490841,5.102100227591114,4.4687801528335696,True,False
CD3D->ERBB2,1,False,1118,217967,2.8952546790293185,1426,192690,2.866111337101996,1.9233597626545695,5.26779386545043,4.438314701536624,True,False
CD3D->ERBB2,2,False,2526,102866,2.8597749833322705,3551,87389,2.8537405766645234,1.8773755141107795,5.235258068351071,4.46375645817517,True,False
MS4A1->CD274,0,False,813,360,-1.1504658010483155,1279,319,-0.838733881226709,-1.5771893540864237,0.5455731890601545,-0.6484371267435424,True,False
MS4A1->CD274,1,False,203,171,-1.4845513183384724,344,143,-1.2225489548179602,-1.7264578775716215,0.0383486406607241,-1.072577134520562,True,False
MS4A1->CD274,2,False,832,127,-0.9840676672005019,1324,108,-0.6177365097195759,-1.4911993119662523,0.8746451805760171,-0.3941098161926275,True,False
CD68->CD274,0,False,10375,360,0.4655943807293571,4593,319,-0.4105323868939227,0.0735289792036558,1.7893767511564656,1.1070324782484586,True,True
CD68->CD274,1,False,4178,171,0.299848625809483,2422,143,-0.289273141158194,-0.1908284215862867,1.791225184852463,1.0333365155745295,True,True
CD68->CD274,2,False,5996,127,0.27991933811677805,3257,108,-0.3701200626814839,-0.1837616426602182,1.833304161417021,0.9837853611308206,True,True
