pair,region,gene,configs,violations,dmin,dmax
CD274->PDCD1,0,CD274,1000,0,-350,1112
CD274->PDCD1,0,PDCD1,1000,0,-90,76
CD274->PDCD1,1,CD274,1000,0,-151,617
CD274->PDCD1,1,PDCD1,1000,0,-35,68
CD274->PDCD1,2,CD274,1000,0,-163,853
CD274->PDCD1,2,PDCD1,1000,0,-75,75
CXCL12->CXCR4,0,CXCL12,1000,0,-54847,32158
CXCL12->CXCR4,0,CXCR4,1000,0,-23532,14127
CXCL12->CXCR4,1,CXCL12,1000,0,-12764,8545
CXCL12->CXCR4,1,CXCR4,1000,0,-9821,7646
CXCL12->CXCR4,2,CXCL12,1000,0,-53315,24758
CXCL12->CXCR4,2,CXCR4,1000,0,-23115,14360
CCL5->CCR7,0,CCL5,1000,0,-925,8096
CCL5->CCR7,0,CCR7,1000,0,-3358,2194
CCL5->CCR7,1,CCL5,1000,0,-435,4134
CCL5->CCR7,1,CCR7,1000,0,-1300,944
CCL5->CCR7,2,CCL5,1000,0,-824,7200
CCL5->CCR7,2,CCR7,1000,0,-3052,1768
PECAM1->KDR,0,PECAM1,1000,0,-7315,4962
PECAM1->KDR,0,KDR,1000,0,-1216,1556
PECAM1->KDR,1,PECAM1,1000,0,-2867,2566
PECAM1->KDR,1,KDR,1000,0,-840,1250
PECAM1->KDR,2,PECAM1,1000,0,-3042,2998
PECAM1->KDR,2,KDR,1000,0,-866,1195
CD163->CD3D,0,CD163,1000,0,-5810,5453
CD163->CD3D,0,CD3D,1000,0,-4541,2056
CD163->CD3D,1,CD163,1000,0,-2705,2691
CD163->CD3D,1,CD3D,1000,0,-1770,1149
CD163->CD3D,2,CD163,1000,0,-4209,4139
CD163->CD3D,2,CD3D,1000,0,-4361,1959
ERBB2->EGFR,0,ERBB2,1000,0,-301405,124927
ERBB2->EGFR,0,EGFR,1000,0,-3882,7060
ERBB2->EGFR,1,ERBB2,1000,0,-334157,191481
ERBB2->EGFR,1,EGFR,1000,0,-2129,3401
ERBB2->EGFR,2,ERBB2,1000,0,-153978,92429
ERBB2->EGFR,2,EGFR,1000,0,-1819,4483
ERBB2->PDCD1,0,ERBB2,1000,0,-301405,124927
ERBB2->PDCD1,0,PDCD1,1000,0,-90,76
ERBB2->PDCD1,1,ERBB2,1000,0,-334157,191481
ERBB2->PDCD1,1,PDCD1,1000,0,-35,68
ERBB2->PDCD1,2,ERBB2,1000,0,-153978,92429
ERBB2->PDCD1,2,PDCD1,1000,0,-75,75
ESR1->PGR,0,ESR1,1000,0,-10267,5763
ESR1->PGR,0,PGR,1000,0,-776,1426
ESR1->PGR,1,ESR1,1000,0,-3625,2947
ESR1->PGR,1,PGR,1000,0,-218,392
ESR1->PGR,2,ESR1,1000,0,-2819,2301
ESR1->PGR,2,PGR,1000,0,-176,590
PGR->ESR1,0,PGR,1000,0,-776,1426
PGR->ESR1,0,ESR1,1000,0,-10267,5763
PGR->ESR1,1,PGR,1000,0,-218,392
PGR->ESR1,1,ESR1,1000,0,-3625,2947
PGR->ESR1,2,PGR,1000,0,-176,590
PGR->ESR1,2,ESR1,1000,0,-2819,2301
CD274->CTLA4,0,CD274,1000,0,-350,1112
CD274->CTLA4,0,CTLA4,1000,0,-2849,1665
CD274->CTLA4,1,CD274,1000,0,-151,617
CD274->CTLA4,1,CTLA4,1000,0,-1397,1090
CD274->CTLA4,2,CD274,1000,0,-163,853
CD274->CTLA4,2,CTLA4,1000,0,-2874,1462
CD274->CD8A,0,CD274,1000,0,-350,1112
CD274->CD8A,0,CD8A,1000,0,-7810,5878
CD274->CD8A,1,CD274,1000,0,-151,617
CD274->CD8A,1,CD8A,1000,0,-3475,3609
CD274->CD8A,2,CD274,1000,0,-163,853
CD274->CD8A,2,CD8A,1000,0,-7326,5828
CXCL12->CCR7,0,CXCL12,1000,0,-54847,32158
CXCL12->CCR7,0,CCR7,1000,0,-3358,2194
CXCL12->CCR7,1,CXCL12,1000,0,-12764,8545
CXCL12->CCR7,1,CCR7,1000,0,-1300,944
CXCL12->CCR7,2,CXCL12,1000,0,-53315,24758
CXCL12->CCR7,2,CCR7,1000,0,-3052,1768
CCL5->CXCR4,0,CCL5,1000,0,-925,8096
CCL5->CXCR4,0,CXCR4,1000,0,-23532,14127
CCL5->CXCR4,1,CCL5,1000,0,-435,4134
CCL5->CXCR4,1,CXCR4,1000,0,-9821,7646
CCL5->CXCR4,2,CCL5,1000,0,-824,7200
CCL5->CXCR4,2,CXCR4,1000,0,-23115,14360
PECAM1->PDCD1,0,PECAM1,1000,0,-7315,4962
PECAM1->PDCD1,0,PDCD1,1000,0,-90,76
PECAM1->PDCD1,1,PECAM1,1000,0,-2867,2566
PECAM1->PDCD1,1,PDCD1,1000,0,-35,68
PECAM1->PDCD1,2,PECAM1,1000,0,-3042,2998
PECAM1->PDCD1,2,PDCD1,1000,0,-75,75
PECAM1->CTLA4,0,PECAM1,1000,0,-7315,4962
PECAM1->CTLA4,0,CTLA4,1000,0,-2849,1665
PECAM1->CTLA4,1,PECAM1,1000,0,-2867,2566
PECAM1->CTLA4,1,CTLA4,1000,0,-1397,1090
PECAM1->CTLA4,2,PECAM1,1000,0,-3042,2998
PECAM1->CTLA4,2,CTLA4,1000,0,-2874,1462
CD163->CCR7,0,CD163,1000,0,-5810,5453
CD163->CCR7,0,CCR7,1000,0,-3358,2194
CD163->CCR7,1,CD163,1000,0,-2705,2691
CD163->CCR7,1,CCR7,1000,0,-1300,944
CD163->CCR7,2,CD163,1000,0,-4209,4139
CD163->CCR7,2,CCR7,1000,0,-3052,1768
CD163->CXCR4,0,CD163,1000,0,-5810,5453
CD163->CXCR4,0,CXCR4,1000,0,-23532,14127
CD163->CXCR4,1,CD163,1000,0,-2705,2691
CD163->CXCR4,1,CXCR4,1000,0,-9821,7646
CD163->CXCR4,2,CD163,1000,0,-4209,4139
CD163->CXCR4,2,CXCR4,1000,0,-23115,14360
ACTA2->EGFR,0,ACTA2,1000,0,-494,877
ACTA2->EGFR,0,EGFR,1000,0,-3882,7060
ACTA2->EGFR,1,ACTA2,1000,0,-222,649
ACTA2->EGFR,1,EGFR,1000,0,-2129,3401
ACTA2->EGFR,2,ACTA2,1000,0,-224,551
ACTA2->EGFR,2,EGFR,1000,0,-1819,4483
ACTA2->ERBB2,0,ACTA2,1000,0,-494,877
ACTA2->ERBB2,0,ERBB2,1000,0,-301405,124927
ACTA2->ERBB2,1,ACTA2,1000,0,-222,649
ACTA2->ERBB2,1,ERBB2,1000,0,-334157,191481
ACTA2->ERBB2,2,ACTA2,1000,0,-224,551
ACTA2->ERBB2,2,ERBB2,1000,0,-153978,92429
KRT8->ERBB2,0,KRT8,1000,0,-30408,48143
KRT8->ERBB2,0,ERBB2,1000,0,-301405,124927
KRT8->ERBB2,1,KRT8,1000,0,-51966,63602
KRT8->ERBB2,1,ERBB2,1000,0,-334157,191481
KRT8->ERBB2,2,KRT8,1000,0,-33692,39545
KRT8->ERBB2,2,ERBB2,1000,0,-153978,92429
CDH1->EGFR,0,CDH1,1000,0,-16171,24490
CDH1->EGFR,0,EGFR,1000,0,-3882,7060
CDH1->EGFR,1,CDH1,1000,0,-29676,34995
CDH1->EGFR,1,EGFR,1000,0,-2129,3401
CDH1->EGFR,2,CDH1,1000,0,-18605,20778
CDH1->EGFR,2,EGFR,1000,0,-1819,4483
CDH1->ERBB2,0,CDH1,1000,0,-16171,24490
CDH1->ERBB2,0,ERBB2,1000,0,-301405,124927
CDH1->ERBB2,1,CDH1,1000,0,-29676,34995
CDH1->ERBB2,1,ERBB2,1000,0,-334157,191481
CDH1->ERBB2,2,CDH1,1000,0,-18605,20778
CDH1->ERBB2,2,ERBB2,1000,0,-153978,92429
CD3D->ERBB2,0,CD3D,1000,0,-4541,2056
CD3D->ERBB2,0,ERBB2,1000,0,-301405,124927
CD3D->ERBB2,1,CD3D,1000,0,-1770,1149
CD3D->ERBB2,1,ERBB2,1000,0,-334157,191481
CD3D->ERBB2,2,CD3D,1000,0,-4361,1959
CD3D->ERBB2,2,ERBB2,1000,0,-153978,92429
MS4A1->CD274,0,MS4A1,1000,0,-1212,2901
MS4A1->CD274,0,CD274,1000,0,-350,1112
MS4A1->CD274,1,MS4A1,1000,0,-329,976
MS4A1->CD274,1,CD274,1000,0,-151,617
MS4A1->CD274,2,MS4A1,1000,0,-1293,2803
MS4A1->CD274,2,CD274,1000,0,-163,853
CD68->CD274,0,CD68,1000,0,-9705,9226
CD68->CD274,0,CD274,1000,0,-350,1112
CD68->CD274,1,CD68,1000,0,-4921,5308
CD68->CD274,1,CD274,1000,0,-151,617
CD68->CD274,2,CD68,1000,0,-6602,7188
CD68->CD274,2,CD274,1000,0,-163,853
