gene,tx_total,h5_total,abs_diff,rel_diff
CYP1B1,15720,15720,0,0.0
DDX43,856,856,0,0.0
DeprecatedCodeword_12261,0,37,37,-1.0
DeprecatedCodeword_12339,0,33,33,-1.0
DeprecatedCodeword_1283,0,2,2,-1.0
DeprecatedCodeword_1303,0,6,6,-1.0
DeprecatedCodeword_13352,0,3,3,-1.0
DeprecatedCodeword_15978,0,6,6,-1.0
DeprecatedCodeword_4072,0,2,2,-1.0
DeprecatedCodeword_4757,0,1,1,-1.0
DeprecatedCodeword_6766,0,2,2,-1.0
DeprecatedCodeword_7590,0,2,2,-1.0
GALE,51684,51684,0,0.0
HK2,7672,7672,0,0.0
HMGA2,1144,1144,0,0.0
LIPA,73456,73456,0,0.0
MAPK3,125346,125346,0,0.0
NUMA1,144990,144990,0,0.0
PDCD1,1820,1820,0,0.0
PDIA2,213,213,0,0.0
PROP1,110,110,0,0.0
PUSL1,7289,7289,0,0.0
RBPMS,19455,19455,0,0.0
RMND5A,45858,45858,0,0.0
SERPINA5,364,364,0,0.0
SLFN11,8759,8759,0,0.0
SPATA4,1531,1531,0,0.0
SPRY2,5095,5095,0,0.0
VIP,618,618,0,0.0
ZER1,8741,8741,0,0.0
