pair,region,p_pos,p_neg,T_lo_perm_med,T_hi_perm_med,q_pos,q_neg,p_pos_raw,p_neg_raw
CD274->PDCD1,0,1.0,0.0,-1.936667873674792,-1.6889132600006995,1.0,0.004162504162504163,1.0,0.000999000999000999
CD274->PDCD1,1,0.794,0.0,-1.9751751432363167,-1.7997293084521824,0.902506584324766,0.004995004995004995,0.7942057942057942,0.000999000999000999
CD274->PDCD1,2,1.0,0.0,-1.9433156979059905,-1.6126464269528789,1.0,0.004995004995004995,1.0,0.000999000999000999
CXCL12->CXCR4,0,0.0,1.0,0.6207047588855615,4.845858686720855,0.0012487512487512488,1.0,0.000999000999000999,1.0
CXCL12->CXCR4,1,0.0,1.0,-0.6980240279864565,3.842725184030965,0.0012487512487512488,1.0,0.000999000999000999,1.0
CXCL12->CXCR4,2,0.0,1.0,0.7705109831671019,5.3167071557204615,0.0012487512487512488,1.0,0.000999000999000999,1.0
CCL5->CCR7,0,0.0,1.0,-1.5536250592015828,1.4864487662328678,0.0012487512487512488,1.0,0.000999000999000999,1.0
CCL5->CCR7,1,0.0,1.0,-1.7391923229830475,1.2381634257197178,0.0012487512487512488,1.0,0.000999000999000999,1.0
CCL5->CCR7,2,0.241,1.0,-1.5345305364321111,1.8464292538512768,0.2747252747252747,1.0,0.24175824175824176,1.0
PECAM1->KDR,0,0.0,1.0,-1.2724552078161475,2.707432294109302,0.0012487512487512488,1.0,0.000999000999000999,1.0
PECAM1->KDR,1,0.0,1.0,-1.5309997408436196,2.556921030046156,0.0012487512487512488,1.0,0.000999000999000999,1.0
PECAM1->KDR,2,0.0,1.0,-1.4054838570451111,3.2007119355674094,0.0012487512487512488,1.0,0.000999000999000999,1.0
CD163->CD3D,0,0.0,1.0,-1.454808850278522,1.591167785379663,0.0012487512487512488,1.0,0.000999000999000999,1.0
CD163->CD3D,1,0.0,1.0,-1.721695142541377,1.3130612038688518,0.0012487512487512488,1.0,0.000999000999000999,1.0
CD163->CD3D,2,0.0,1.0,-1.490418274460238,1.7639604813856058,0.0012487512487512488,1.0,0.000999000999000999,1.0
ERBB2->EGFR,0,1.0,0.0,1.747656781502246,4.900962572523218,1.0,0.004162504162504163,1.0,0.000999000999000999
ERBB2->EGFR,1,0.045,0.0,1.623363596276041,4.511928888562042,0.05470719756434042,0.004995004995004995,0.04595404595404595,0.000999000999000999
ERBB2->EGFR,2,0.995,0.0,1.6463157493276557,5.050001696505481,1.0,0.004995004995004995,0.995004995004995,0.000999000999000999
ERBB2->PDCD1,0,0.0,0.0,1.3005732802625942,3.625770675172986,0.0012487512487512488,0.004162504162504163,0.000999000999000999,0.000999000999000999
ERBB2->PDCD1,1,0.0,0.918,1.4331569511880613,3.852283660150748,0.0012487512487512488,1.0,0.000999000999000999,0.9180819180819181
ERBB2->PDCD1,2,0.0,1.0,1.2016467530511497,3.6115920299986106,0.0012487512487512488,1.0,0.000999000999000999,1.0
ESR1->PGR,0,0.22,0.0,-1.512482063588486,-0.2441067245807092,0.25088547815820544,0.004162504162504163,0.22077922077922077,0.000999000999000999
ESR1->PGR,1,0.939,0.0,-1.8093916863359727,-1.162933618398472,0.9781884781884781,0.004995004995004995,0.939060939060939,0.000999000999000999
ESR1->PGR,2,0.0,0.0,-1.6812132115904013,-0.7252790998272134,0.0012487512487512488,0.004995004995004995,0.000999000999000999,0.000999000999000999
PGR->ESR1,0,0.22,0.0,-1.512482063588486,-0.2441067245807092,0.25088547815820544,0.004162504162504163,0.22077922077922077,0.000999000999000999
PGR->ESR1,1,0.939,0.0,-1.8093916863359727,-1.162933618398472,0.9781884781884781,0.004995004995004995,0.939060939060939,0.000999000999000999
PGR->ESR1,2,0.0,0.0,-1.6812132115904013,-0.7252790998272134,0.0012487512487512488,0.004995004995004995,0.000999000999000999,0.000999000999000999
CD274->CTLA4,0,0.0,1.0,-1.827591467827533,-0.6588011538623004,0.0012487512487512488,1.0,0.000999000999000999,1.0
CD274->CTLA4,1,0.0,1.0,-1.898053844176088,-0.7735486418622116,0.0012487512487512488,1.0,0.000999000999000999,1.0
CD274->CTLA4,2,0.0,1.0,-1.8314288387698576,-0.5456226033111462,0.0012487512487512488,1.0,0.000999000999000999,1.0
CD274->CD8A,0,0.0,1.0,-1.655310585409831,0.3767738363886669,0.0012487512487512488,1.0,0.000999000999000999,1.0
CD274->CD8A,1,0.0,1.0,-1.780983765374608,0.1879411065591112,0.0012487512487512488,1.0,0.000999000999000999,1.0
CD274->CD8A,2,0.0,0.564,-1.6349027869958896,0.5495855401200609,0.0012487512487512488,1.0,0.000999000999000999,0.5644355644355644
CXCL12->CCR7,0,0.0,1.0,0.0102276558230329,2.751658993815997,0.0012487512487512488,1.0,0.000999000999000999,1.0
CXCL12->CCR7,1,0.0,1.0,-1.1520676746235772,1.5934265850776248,0.0012487512487512488,1.0,0.000999000999000999,1.0
CXCL12->CCR7,2,0.0,1.0,0.1391201915236923,3.002214243051016,0.0012487512487512488,1.0,0.000999000999000999,1.0
CCL5->CXCR4,0,0.0,1.0,-0.9424150075316352,3.5810097542878423,0.0012487512487512488,1.0,0.000999000999000999,1.0
CCL5->CXCR4,1,0.0,1.0,-1.285509893426375,3.489423970070726,0.0012487512487512488,1.0,0.000999000999000999,1.0
CCL5->CXCR4,2,0.0,1.0,-0.9032976418592488,4.160376834183189,0.0012487512487512488,1.0,0.000999000999000999,1.0
PECAM1->PDCD1,0,0.0,1.0,-1.3917598455184814,0.9046543254132045,0.0012487512487512488,1.0,0.000999000999000999,1.0
PECAM1->PDCD1,1,0.0,1.0,-1.6556584415692617,0.6562579499661281,0.0012487512487512488,1.0,0.000999000999000999,1.0
PECAM1->PDCD1,2,0.0,1.0,-1.5387791585749495,1.0572704664785508,0.0012487512487512488,1.0,0.000999000999000999,1.0
PECAM1->CTLA4,0,0.0,1.0,-1.2828801646505377,1.9353422552281816,0.0012487512487512488,1.0,0.000999000999000999,1.0
PECAM1->CTLA4,1,0.0,1.0,-1.57957606581786,1.682570675478987,0.0012487512487512488,1.0,0.000999000999000999,1.0
PECAM1->CTLA4,2,0.0,1.0,-1.4247524779049188,2.1238768235949914,0.0012487512487512488,1.0,0.000999000999000999,1.0
CD163->CCR7,0,0.0,1.0,-1.4873014704490732,1.411253953712205,0.0012487512487512488,1.0,0.000999000999000999,1.0
CD163->CCR7,1,0.0,1.0,-1.7518264686028482,1.0507405870824793,0.0012487512487512488,1.0,0.000999000999000999,1.0
CD163->CCR7,2,0.0,1.0,-1.5387375870358089,1.5095128467932062,0.0012487512487512488,1.0,0.000999000999000999,1.0
CD163->CXCR4,0,0.0,1.0,-0.8767119652307622,3.5063319445956043,0.0012487512487512488,1.0,0.000999000999000999,1.0
CD163->CXCR4,1,0.0,1.0,-1.298854887291797,3.30111824308896,0.0012487512487512488,1.0,0.000999000999000999,1.0
CD163->CXCR4,2,0.0,1.0,-0.9074003298671552,3.823769553416721,0.0012487512487512488,1.0,0.000999000999000999,1.0
ACTA2->EGFR,0,0.0,1.0,-1.087341764210367,3.226692750297902,0.0012487512487512488,1.0,0.000999000999000999,1.0
ACTA2->EGFR,1,0.0,1.0,-1.56298913714595,2.1250557460546755,0.0012487512487512488,1.0,0.000999000999000999,1.0
ACTA2->EGFR,2,0.043,1.0,-1.2851972886570102,3.349454305140052,0.05232862375719519,1.0,0.04395604395604396,1.0
ACTA2->ERBB2,0,0.0,1.0,1.759296747117642,7.458553102164107,0.0012487512487512488,1.0,0.000999000999000999,1.0
ACTA2->ERBB2,1,0.0,1.0,1.6757494065925505,7.156447297861079,0.0012487512487512488,1.0,0.000999000999000999,1.0
ACTA2->ERBB2,2,0.0,1.0,1.4604145347319533,7.404451999058008,0.0012487512487512488,1.0,0.000999000999000999,1.0
KRT8->ERBB2,0,0.0,1.0,2.4416878574155483,7.689878217895957,0.0012487512487512488,1.0,0.000999000999000999,1.0
KRT8->ERBB2,1,0.0,0.962,2.877403463235333,7.925385725531657,0.0012487512487512488,1.0,0.000999000999000999,0.962037962037962
KRT8->ERBB2,2,0.0,1.0,2.7110847166772687,7.749205505369065,0.0012487512487512488,1.0,0.000999000999000999,1.0
CDH1->EGFR,0,1.0,0.0,-0.724501637782039,2.609397183468408,1.0,0.004162504162504163,1.0,0.000999000999000999
CDH1->EGFR,1,1.0,0.0,-0.8192590053334172,2.1332669485764484,1.0,0.004995004995004995,1.0,0.000999000999000999
CDH1->EGFR,2,0.999,0.0,-0.5125029407856088,2.8773658540960567,1.0,0.004995004995004995,0.999000999000999,0.000999000999000999
CDH1->ERBB2,0,0.0,1.0,2.1222634586858837,6.843201734848585,0.0012487512487512488,1.0,0.000999000999000999,1.0
CDH1->ERBB2,1,0.0,0.036,2.419484627560502,7.166726727234448,0.0012487512487512488,0.154012654012654,0.000999000999000999,0.03696303696303696
CDH1->ERBB2,2,0.0,1.0,2.237181489188811,6.934875275409713,0.0012487512487512488,1.0,0.000999000999000999,1.0
CD3D->ERBB2,0,0.0,1.0,1.426085977661692,4.881586928536637,0.0012487512487512488,1.0,0.000999000999000999,1.0
CD3D->ERBB2,1,0.0,1.0,1.513386086829582,4.963332323594155,0.0012487512487512488,1.0,0.000999000999000999,1.0
CD3D->ERBB2,2,0.0,1.0,1.3541396435605806,4.972593030884418,0.0012487512487512488,1.0,0.000999000999000999,1.0
MS4A1->CD274,0,0.0,1.0,-1.8024647168318213,0.248500591995779,0.0012487512487512488,1.0,0.000999000999000999,1.0
MS4A1->CD274,1,0.0,1.0,-1.9321287279039767,-0.3802343831863799,0.0012487512487512488,1.0,0.000999000999000999,1.0
MS4A1->CD274,2,0.0,1.0,-1.8101290129860543,0.6659277876960434,0.0012487512487512488,1.0,0.000999000999000999,1.0
CD68->CD274,0,0.0,1.0,-1.3672288013966942,0.9632016379588948,0.0012487512487512488,1.0,0.000999000999000999,1.0
CD68->CD274,1,0.0,1.0,-1.6329352280728062,0.7036758681640116,0.0012487512487512488,1.0,0.000999000999000999,1.0
CD68->CD274,2,0.0,1.0,-1.4334153945782604,1.1840951447838686,0.0012487512487512488,1.0,0.000999000999000999,1.0
