pair,region,T0,T_lo,T_hi,certified_pos_matched,certified_neg_matched,tissue,T_proseg
PECAM1->KDR,0,3.967508593197624,1.4940248100816538,5.214272147729796,True,False,breast,4.446687726783751
PECAM1->KDR,1,4.219448923182984,1.3132518980896497,5.817278669331279,True,False,breast,4.835667190672573
PECAM1->KDR,2,4.311632279266278,1.3430477308403588,5.92225921052513,True,False,breast,5.010757507366369
ESR1->PGR,0,-0.7104209369794624,-1.5076715005054853,-0.274842438766765,False,True,breast,-0.2493211729566692
ESR1->PGR,1,-1.4520464428580435,-1.8143818516687733,-1.1818469984701805,False,True,breast,-1.3323970274759769
ESR1->PGR,2,-1.1716178269855717,-1.6566966095515323,-0.7625007283407095,False,True,breast,-1.0236481711610308
CDH1->ERBB2,0,5.628658720275363,2.312507658706288,6.992470557855434,True,False,breast,6.603684957633166
CDH1->ERBB2,1,5.841239419326836,2.5507972971955564,7.156122001133774,True,False,breast,6.327902870623631
CDH1->ERBB2,2,6.005561500746465,2.723780877940296,7.308700374730661,True,False,breast,6.729835603179866
PECAM1->KDR,0,0.1436634551634007,-1.8964218436629767,0.8230280058359964,False,False,lung,0.6670691277003247
PECAM1->KDR,1,0.0315038614239998,-1.891953712287592,0.6846893558712193,False,False,lung,0.6476240782809242
PECAM1->KDR,2,-0.2532509900211129,-1.890962157526553,0.3822047092041309,False,False,lung,0.2053218223493675
ESR1->PGR,0,-1.9598545203561053,-1.9932671688020425,-1.8808653614313733,False,True,lung,-1.961184374065866
ESR1->PGR,1,-1.9587681242693955,-1.9983398214038053,-1.7933907640270164,False,True,lung,-1.9463729115538295
ESR1->PGR,2,-1.9583739010113024,-2.0,-1.815875103016558,False,True,lung,-1.9576964140639168
CDH1->EGFR,0,3.387847624598616,0.2098715995545892,3.716505017085468,True,False,lung,4.035480050966765
CDH1->EGFR,1,-0.5785047561058902,-1.9151934852174903,0.052137130230707,False,False,lung,-0.3614490161317852
CDH1->EGFR,2,-0.6173090804783864,-1.8332786810297688,0.1696606488839676,False,False,lung,-0.3316514853400387
