pair,region,direction,T_lo_scout,T_hi_scout,c_star,control
CD274->PDCD1,0,hi,-1.9534348738482337,-1.7331293749382954,19.507539747674322,True
CD274->PDCD1,1,hi,-1.976417647301219,-1.814835970322558,22.96684967563617,True
CD274->PDCD1,2,hi,-1.973010436735478,-1.7023462717562992,14.664086218239435,True
CXCL12->CXCR4,0,lo,2.667130768143977,5.87726175138376,1.6432621656608402,True
CXCL12->CXCR4,1,lo,1.9565410449490737,5.426066464962904,1.3350436766010083,True
CXCL12->CXCR4,2,lo,2.626065768748802,6.129507093581818,1.6377661070993557,True
PECAM1->KDR,0,lo,1.4940248100816538,5.214272147729796,1.2901979068326432,True
PECAM1->KDR,1,lo,1.3132518980896497,5.817278669331279,1.2084921173000702,True
PECAM1->KDR,2,lo,1.3430477308403588,5.92225921052513,1.2031403131762768,True
CD163->CD3D,0,lo,0.1493431687573345,2.55095765903977,1.065445010543605,True
ERBB2->EGFR,1,lo,1.6346718741565085,4.3824190806855645,1.2799250217279607,False
ERBB2->PDCD1,0,lo,1.3886741773460791,3.609526009303072,1.2499204072361354,False
ERBB2->PDCD1,1,lo,1.542315871863706,3.856497169587576,1.2766878202189225,False
ERBB2->PDCD1,2,lo,1.4653103466397224,3.725983662299057,1.281552570747437,False
ESR1->PGR,0,hi,-1.5076715005054853,-0.274842438766765,1.7205250575727287,False
ESR1->PGR,1,hi,-1.8143818516687735,-1.1818469984701805,7.258161169758166,False
ESR1->PGR,2,hi,-1.6566966095515323,-0.7625007283407095,3.3464129492210435,False
PGR->ESR1,0,hi,-1.5076715005054853,-0.274842438766765,1.7205250575727287,False
PGR->ESR1,1,hi,-1.8143818516687735,-1.1818469984701805,7.258161169758166,False
PGR->ESR1,2,hi,-1.6566966095515323,-0.7625007283407095,3.3464129492210435,False
CXCL12->CCR7,0,lo,1.394865430139431,3.65275490067356,1.6432621656608402,False
CXCL12->CCR7,1,lo,0.7666096170781673,3.106483803893801,1.3167502350360514,False
CXCL12->CCR7,2,lo,1.5440190415856558,3.80684646475481,1.6377661070993557,False
PECAM1->PDCD1,0,lo,0.75770211312703,2.730607295012653,1.2449528737405555,False
PECAM1->PDCD1,1,lo,0.3753701373596255,2.686515365033735,1.1160814746392558,False
PECAM1->PDCD1,2,lo,0.332622710789123,2.775610716789618,1.0958341986085052,False
PECAM1->CTLA4,0,lo,1.1595028090412487,3.9273751614268297,1.287550048086676,False
PECAM1->CTLA4,1,lo,0.7722462313820044,3.9868336274082976,1.1792041919652019,False
PECAM1->CTLA4,2,lo,0.6608467509001744,3.96646784675142,1.1446574991819278,False
CD163->CXCR4,0,lo,1.2485498448344845,4.562748728963985,1.2542181937063481,False
CD163->CXCR4,1,lo,0.8703838168018441,4.493078005810899,1.18296429493661,False
CD163->CXCR4,2,lo,0.9050342288886488,4.646906155555291,1.1598478819076425,False
ACTA2->EGFR,0,lo,0.6422169803096781,4.266830461456596,1.1576286650177967,False
ACTA2->ERBB2,0,lo,3.834448312664524,8.762414074419393,1.320181181473854,False
ACTA2->ERBB2,1,lo,3.1851811832499504,8.893547707425917,1.2763626079956514,False
ACTA2->ERBB2,2,lo,2.360050133260152,9.040719695446128,1.2813486342204912,False
KRT8->ERBB2,0,lo,2.7446678558621995,7.864217593772805,1.2489391350508678,False
KRT8->ERBB2,1,lo,3.053551039690163,7.934494241765368,1.2765302587846867,False
KRT8->ERBB2,2,lo,3.331141182904955,8.152670783931486,1.2964399932139758,False
CDH1->ERBB2,0,lo,2.312507658706288,6.992470557855434,1.2512887810324487,False
CDH1->ERBB2,1,lo,2.5507972971955564,7.156122001133774,1.2763626079956514,False
CDH1->ERBB2,2,lo,2.723780877940296,7.308700374730661,1.2870264761805816,False
CD3D->ERBB2,0,lo,1.846826503490841,5.102100227591114,1.263836857564518,False
CD3D->ERBB2,1,lo,1.9233597626545695,5.26779386545043,1.283612085295292,False
CD3D->ERBB2,2,lo,1.8773755141107795,5.235258068351071,1.2842749000785827,False
CD68->CD274,0,lo,0.0735289792036558,1.7893767511564656,1.0488650211317707,False
