pair,region,control,T0,T_lo,T_hi,T,nL,nR,inside,certified_pos_matched,certified_neg_matched
CD274->PDCD1,0,True,-1.8819667151327095,-1.9534348738482337,-1.7331293749382954,-1.9047859453297042,17278,10425,True,False,True
CD274->PDCD1,1,True,-1.933153319579768,-1.976417647301219,-1.814835970322558,-1.9457464856790683,18698,5069,True,False,True
CD274->PDCD1,2,True,-1.9085257587714024,-1.973010436735478,-1.7023462717562992,-1.9334990604873301,7419,9079,True,False,True
CXCL12->CXCR4,0,True,5.060977776075684,2.667130768143977,5.87726175138376,5.454494419377221,12979,10425,True,True,False
CXCL12->CXCR4,1,True,4.429567862446977,1.9565410449490737,5.426066464962904,4.654360072248413,4469,5069,True,True,False
CXCL12->CXCR4,2,True,5.316929389837453,2.626065768748802,6.129507093581818,5.760558806859735,9830,9079,True,True,False
CCL5->CCR7,0,True,-0.3001605759179638,-1.4220404116787262,1.6742915781457768,-0.49217129694368983,7388,10425,True,False,False
CCL5->CCR7,1,True,-0.4765100253134148,-1.5560728040008254,1.6566241445835703,-0.5551858545965574,3738,5069,True,False,False
CCL5->CCR7,2,True,-0.25593913640269,-1.515129165831245,1.9231769750831675,-0.41869874897279213,4704,9079,True,False,False
PECAM1->KDR,0,True,3.967508593197624,1.4940248100816538,5.214272147729796,4.446687726783751,3018,3018,True,True,False
PECAM1->KDR,1,True,4.219448923182984,1.3132518980896497,5.817278669331279,4.835667190672573,2116,2116,True,True,False
PECAM1->KDR,2,True,4.311632279266278,1.3430477308403588,5.92225921052513,5.010757507366369,1742,1742,True,True,False
CD163->CD3D,0,True,1.7980468517834445,0.1493431687573345,2.55095765903977,2.0742555338659745,7388,10425,True,True,False
CD163->CD3D,1,True,1.527577380847403,-0.1849691513451029,2.4338617856085696,1.856823155169846,3738,5069,True,False,False
CD163->CD3D,2,True,1.7864722790860674,-0.0176139801679363,2.60633653220012,2.1936533050928535,4704,9079,True,False,False
ERBB2->EGFR,0,False,3.712148599647504,1.5517083045818798,4.579670662922327,3.999558755504904,17278,17278,True,False,False
ERBB2->EGFR,1,False,3.603353593781488,1.6346718741565085,4.3824190806855645,3.7566029444157474,18698,18698,True,True,False
ERBB2->EGFR,2,False,3.657314884810975,1.617936266849294,4.7546643269360365,3.8312803019959727,7419,7419,True,False,False
ERBB2->PDCD1,0,False,3.211718844639491,1.3886741773460791,3.609526009303072,3.6617774246184727,17278,10425,False,True,False
ERBB2->PDCD1,1,False,3.319512302569594,1.542315871863706,3.856497169587576,3.535383621952199,18698,5069,True,True,False
ERBB2->PDCD1,2,False,3.197055041997153,1.4653103466397224,3.725983662299057,3.50823259569259,7419,9079,True,True,False
ESR1->PGR,0,False,-0.7104209369794624,-1.5076715005054853,-0.274842438766765,-0.24932117295666922,17278,17278,False,False,True
ESR1->PGR,1,False,-1.4520464428580435,-1.8143818516687735,-1.1818469984701805,-1.3323970274759769,18698,18698,True,False,True
ESR1->PGR,2,False,-1.1716178269855717,-1.6566966095515323,-0.7625007283407095,-1.0236481711610308,7419,7419,True,False,True
PGR->ESR1,0,False,-0.7104209369794624,-1.5076715005054853,-0.274842438766765,-0.24932117295666922,17278,17278,False,False,True
PGR->ESR1,1,False,-1.4520464428580435,-1.8143818516687735,-1.1818469984701805,-1.3323970274759769,18698,18698,True,False,True
PGR->ESR1,2,False,-1.1716178269855717,-1.6566966095515323,-0.7625007283407095,-1.0236481711610308,7419,7419,True,False,True
CD274->CTLA4,0,False,-0.9190331280366804,-1.551634177934015,-0.5363615085241185,-0.8647405800891566,17278,10425,True,False,False
CD274->CTLA4,1,False,-0.9347907818109168,-1.5795415532788402,-0.5145177079479953,-0.8616613102212036,18698,5069,True,False,False
CD274->CTLA4,2,False,-0.9398139039097084,-1.6447863966244265,-0.5114891417944967,-0.8801145026985925,7419,9079,True,False,False
CD274->CD8A,0,False,-0.0856786535819221,-1.1778765079967426,0.5125729964651402,0.22313173230840488,17278,10425,True,False,False
CD274->CD8A,1,False,-0.1907791327061548,-1.2781723592962606,0.5054033626794737,0.16057982776296964,18698,5069,True,False,False
CD274->CD8A,2,False,-0.1483343732222342,-1.3240413235671007,0.5510817349765542,0.19325591895912653,7419,9079,True,False,False
CXCL12->CCR7,0,False,2.9836663605812483,1.394865430139431,3.65275490067356,3.2776026337045474,12979,10425,True,True,False
CXCL12->CCR7,1,False,2.366214969061144,0.7666096170781673,3.106483803893801,2.4765124894802537,4469,5069,True,True,False
CXCL12->CCR7,2,False,3.217750537784923,1.5440190415856558,3.80684646475481,3.545065758649743,9830,9079,True,True,False
CCL5->CXCR4,0,False,1.7771508395764717,-0.1497750736741803,3.898798428855976,1.684720488728984,7388,10425,True,False,False
CCL5->CXCR4,1,False,1.586842868072419,-0.3661413761299189,3.976206805652673,1.622661728171602,3738,5069,True,False,False
CCL5->CXCR4,2,False,1.84323971564984,-0.4330824386680985,4.245837603910175,1.7967942992371997,4704,9079,True,False,False
PECAM1->PDCD1,0,False,2.1967916882216896,0.75770211312703,2.730607295012653,2.128109418654149,3018,10425,True,True,False
PECAM1->PDCD1,1,False,1.9664918588114697,0.3753701373596255,2.686515365033735,1.9499987916365997,2116,5069,True,True,False
PECAM1->PDCD1,2,False,2.0078496873788394,0.332622710789123,2.775610716789618,2.117917491734318,1742,9079,True,True,False
PECAM1->CTLA4,0,False,3.1597252753177187,1.1595028090412487,3.9273751614268297,3.1681547838946966,3018,10425,True,True,False
PECAM1->CTLA4,1,False,2.9648543965803205,0.7722462313820044,3.9868336274082976,3.0340839670944644,2116,5069,True,True,False
PECAM1->CTLA4,2,False,2.9765615422405336,0.6608467509001744,3.96646784675142,3.1713020495230557,1742,9079,True,True,False
CD163->CCR7,0,False,1.5161274709096482,-0.0237154931700614,2.3382418782537857,1.6645582310370015,7388,10425,True,False,False
CD163->CCR7,1,False,1.273324754776248,-0.3195476110690623,2.173495344741797,1.461323232568882,3738,5069,True,False,False
CD163->CCR7,2,False,1.4752117363371893,-0.1770124982744974,2.3242455267282827,1.7440457110607628,4704,9079,True,False,False
CD163->CXCR4,0,False,3.593438886404084,1.2485498448344845,4.562748728963985,3.8414500167096755,7388,10425,True,True,False
CD163->CXCR4,1,False,3.3366776481620817,0.8703838168018441,4.493078005810899,3.6391708153370415,3738,5069,True,True,False
CD163->CXCR4,2,False,3.57439058838972,0.9050342288886488,4.646906155555291,3.959538759270755,4704,9079,True,True,False
ACTA2->EGFR,0,False,2.634783469316368,0.6422169803096781,4.266830461456596,2.968318229137766,1458,17278,True,True,False
ACTA2->EGFR,1,False,1.8076959255387173,-0.2439722808693118,3.732409299834967,2.5809956674083416,879,18698,True,False,False
ACTA2->EGFR,2,False,2.2372515121777097,-0.9332691863753202,4.472034762861354,2.6917094262108416,747,7419,True,False,False
ACTA2->ERBB2,0,False,7.252290812831815,3.834448312664524,8.762414074419393,8.194891861487811,1458,17278,True,True,False
ACTA2->ERBB2,1,False,6.771191599492288,3.1851811832499504,8.893547707425917,7.817657481295446,879,18698,True,True,False
ACTA2->ERBB2,2,False,6.899538059465785,2.360050133260152,9.040719695446128,7.791719807525608,747,7419,True,True,False
KRT8->ERBB2,0,False,6.390472131501996,2.7446678558621995,7.864217593772805,7.420828168267073,4050,17278,True,True,False
KRT8->ERBB2,1,False,6.551501620804681,3.053551039690163,7.934494241765368,7.1019677501233485,13401,18698,True,True,False
KRT8->ERBB2,2,False,6.783439762366667,3.331141182904955,8.152670783931486,7.606041941742685,7382,7419,True,True,False
CDH1->EGFR,0,False,1.0111513767599147,-0.879723673648558,2.4968869448926365,1.37711132528312,4050,17278,True,False,False
CDH1->EGFR,1,False,0.8777437453732658,-0.8783561669237061,1.994983593542824,1.0912410567365267,13401,18698,True,False,False
CDH1->EGFR,2,False,1.3432749534583897,-0.5695384416951764,2.7400154421458867,1.6298252218651,7382,7419,True,False,False
CDH1->ERBB2,0,False,5.628658720275363,2.312507658706288,6.992470557855434,6.603684957633166,4050,17278,True,True,False
CDH1->ERBB2,1,False,5.841239419326836,2.5507972971955564,7.156122001133774,6.327902870623631,13401,18698,True,True,False
CDH1->ERBB2,2,False,6.005561500746465,2.723780877940296,7.308700374730661,6.729835603179866,7382,7419,True,True,False
CD3D->ERBB2,0,False,4.4687801528335696,1.846826503490841,5.102100227591114,5.017425695787145,10425,17278,True,True,False
CD3D->ERBB2,1,False,4.438314701536624,1.9233597626545695,5.26779386545043,4.786617581536034,5069,18698,True,True,False
CD3D->ERBB2,2,False,4.46375645817517,1.8773755141107795,5.235258068351071,4.9083239721596,9079,7419,True,True,False
MS4A1->CD274,0,False,-0.6484371267435424,-1.5771893540864237,0.5455731890601545,-0.5967631177577644,2711,17278,True,False,False
MS4A1->CD274,1,False,-1.072577134520562,-1.7264578775716215,0.0383486406607241,-0.9062387145593418,1184,18698,True,False,False
MS4A1->CD274,2,False,-0.3941098161926275,-1.4911993119662523,0.8746451805760171,-0.4380486391107614,2104,7419,True,False,False
CD68->CD274,0,False,1.1070324782484586,0.0735289792036558,1.7893767511564656,1.2825830777039195,7388,17278,True,True,False
CD68->CD274,1,False,1.0333365155745295,-0.1908284215862867,1.791225184852463,1.3918895860506337,3738,18698,True,False,False
CD68->CD274,2,False,0.9837853611308206,-0.1837616426602182,1.833304161417021,1.239454939404371,4704,7419,True,False,False
