pair,region,T_obs,p_pos_raw,p_neg_raw,p_pos,p_neg,T_perm_med,q_pos,q_neg
CD274->PDCD1,0,-1.9047859453297042,1.0,0.0,1.0,0.000999000999000999,-1.8461053590489866,1.0,0.012487512487512488
CD274->PDCD1,1,-1.9457464856790683,0.999,0.001,0.999000999000999,0.001998001998001998,-1.936099056788704,1.0,0.024975024975024976
CD274->PDCD1,2,-1.9334990604873301,1.0,0.0,1.0,0.000999000999000999,-1.8608916768773462,1.0,0.024975024975024976
CXCL12->CXCR4,0,5.454494419377221,0.0,1.0,0.000999000999000999,1.0,2.905873590184077,0.0010858706510880425,1.0
CXCL12->CXCR4,1,4.654360072248413,0.0,1.0,0.000999000999000999,1.0,1.1532430041750183,0.0010858706510880425,1.0
CXCL12->CXCR4,2,5.760558806859735,0.0,1.0,0.000999000999000999,1.0,3.3797814217430897,0.0011352284079556808,1.0
CCL5->CCR7,0,-0.49217129694368983,0.0,1.0,0.000999000999000999,1.0,-0.6515178063789786,0.0010858706510880425,1.0
CCL5->CCR7,1,-0.5551858545965574,0.0,1.0,0.000999000999000999,1.0,-1.0544594562030187,0.0010858706510880425,1.0
CCL5->CCR7,2,-0.41869874897279213,0.1,0.9,0.1008991008991009,0.9000999000999002,-0.4583302509957313,0.10967293575989227,1.0
PECAM1->KDR,0,4.446687726783751,0.0,1.0,0.000999000999000999,1.0,-0.1472978966783819,0.0010858706510880425,1.0
PECAM1->KDR,1,4.835667190672573,0.0,1.0,0.000999000999000999,1.0,-0.39163081095329033,0.0010858706510880425,1.0
PECAM1->KDR,2,5.010757507366369,0.0,1.0,0.000999000999000999,1.0,-0.17761156199476658,0.0011352284079556808,1.0
CD163->CD3D,0,2.0742555338659745,0.0,1.0,0.000999000999000999,1.0,-0.5030617173643135,0.0010858706510880425,1.0
CD163->CD3D,1,1.856823155169846,0.0,1.0,0.000999000999000999,1.0,-1.0273913420483236,0.0010858706510880425,1.0
CD163->CD3D,2,2.1936533050928535,0.0,1.0,0.000999000999000999,1.0,-0.39994650934654663,0.0011352284079556808,1.0
ERBB2->EGFR,0,3.999558755504904,1.0,0.0,1.0,0.000999000999000999,4.124961089213685,1.0,0.012487512487512488
ERBB2->EGFR,1,3.7566029444157474,0.0,1.0,0.000999000999000999,1.0,3.648750440191402,0.0010858706510880425,1.0
ERBB2->EGFR,2,3.8312803019959727,0.0,1.0,0.000999000999000999,1.0,3.654184490803864,0.0011352284079556808,1.0
ERBB2->PDCD1,0,3.6617774246184727,0.0,1.0,0.000999000999000999,1.0,3.1188210330301525,0.0010858706510880425,1.0
ERBB2->PDCD1,1,3.535383621952199,0.0,1.0,0.000999000999000999,1.0,3.1967070977758683,0.0010858706510880425,1.0
ERBB2->PDCD1,2,3.50823259569259,0.0,1.0,0.000999000999000999,1.0,2.7276090773055257,0.0011352284079556808,1.0
ESR1->PGR,0,-0.24932117295666922,0.0,1.0,0.000999000999000999,1.0,-0.6242665936652114,0.0010858706510880425,1.0
ESR1->PGR,1,-1.3323970274759769,0.0,1.0,0.000999000999000999,1.0,-1.4504639748357273,0.0010858706510880425,1.0
ESR1->PGR,2,-1.0236481711610308,0.0,1.0,0.000999000999000999,1.0,-1.2560215899604126,0.0011352284079556808,1.0
PGR->ESR1,0,-0.24932117295666922,0.0,1.0,0.000999000999000999,1.0,-0.6242665936652114,0.0010858706510880425,1.0
PGR->ESR1,1,-1.3323970274759769,0.0,1.0,0.000999000999000999,1.0,-1.4504639748357273,0.0010858706510880425,1.0
PGR->ESR1,2,-1.0236481711610308,0.0,1.0,0.000999000999000999,1.0,-1.2560215899604126,0.0011352284079556808,1.0
CD274->CTLA4,0,-0.8647405800891566,0.0,1.0,0.000999000999000999,1.0,-1.4374846380308408,0.0010858706510880425,1.0
CD274->CTLA4,1,-0.8616613102212036,0.0,1.0,0.000999000999000999,1.0,-1.6144980759915675,0.0010858706510880425,1.0
CD274->CTLA4,2,-0.8801145026985925,0.0,1.0,0.000999000999000999,1.0,-1.3978159947963882,0.0011352284079556808,1.0
CD274->CD8A,0,0.22313173230840488,0.0,1.0,0.000999000999000999,1.0,-0.8150228502341359,0.0010858706510880425,1.0
CD274->CD8A,1,0.16057982776296964,0.0,1.0,0.000999000999000999,1.0,-1.1400255879347119,0.0010858706510880425,1.0
CD274->CD8A,2,0.19325591895912653,0.0,1.0,0.000999000999000999,1.0,-0.6964493295577163,0.0011352284079556808,1.0
CXCL12->CCR7,0,3.2776026337045474,0.0,1.0,0.000999000999000999,1.0,1.3179217365539002,0.0010858706510880425,1.0
CXCL12->CCR7,1,2.4765124894802537,0.0,1.0,0.000999000999000999,1.0,-0.27879214857417056,0.0010858706510880425,1.0
CXCL12->CCR7,2,3.545065758649743,0.0,1.0,0.000999000999000999,1.0,1.5992745409141076,0.0011352284079556808,1.0
CCL5->CXCR4,0,1.684720488728984,0.0,1.0,0.000999000999000999,1.0,0.9370471741905881,0.0010858706510880425,1.0
CCL5->CXCR4,1,1.622661728171602,0.0,1.0,0.000999000999000999,1.0,0.3751466815766815,0.0010858706510880425,1.0
CCL5->CXCR4,2,1.7967942992371997,0.0,1.0,0.000999000999000999,1.0,1.3231913735169885,0.0011352284079556808,1.0
PECAM1->PDCD1,0,2.128109418654149,0.0,1.0,0.000999000999000999,1.0,-0.5663315581483825,0.0010858706510880425,1.0
PECAM1->PDCD1,1,1.9499987916365997,0.0,1.0,0.000999000999000999,1.0,-0.8935319077379653,0.0010858706510880425,1.0
PECAM1->PDCD1,2,2.117917491734318,0.0,1.0,0.000999000999000999,1.0,-0.6710935404864183,0.0011352284079556808,1.0
PECAM1->CTLA4,0,3.1681547838946966,0.0,1.0,0.000999000999000999,1.0,-0.15847454864319852,0.0010858706510880425,1.0
PECAM1->CTLA4,1,3.0340839670944644,0.0,1.0,0.000999000999000999,1.0,-0.5721441794647755,0.0010858706510880425,1.0
PECAM1->CTLA4,2,3.1713020495230557,0.0,1.0,0.000999000999000999,1.0,-0.2070815659744552,0.0011352284079556808,1.0
CD163->CCR7,0,1.6645582310370015,0.0,1.0,0.000999000999000999,1.0,-0.6209803466245101,0.0010858706510880425,1.0
CD163->CCR7,1,1.461323232568882,0.0,1.0,0.000999000999000999,1.0,-1.1263615318449152,0.0010858706510880425,1.0
CD163->CCR7,2,1.7440457110607628,0.0,1.0,0.000999000999000999,1.0,-0.5733088350919102,0.0011352284079556808,1.0
CD163->CXCR4,0,3.8414500167096755,0.0,1.0,0.000999000999000999,1.0,0.9680808619987964,0.0010858706510880425,1.0
CD163->CXCR4,1,3.6391708153370415,0.0,1.0,0.000999000999000999,1.0,0.3021420422356893,0.0010858706510880425,1.0
CD163->CXCR4,2,3.959538759270755,0.0,1.0,0.000999000999000999,1.0,1.2077591232562734,0.0011352284079556808,1.0
ACTA2->EGFR,0,2.968318229137766,0.0,1.0,0.000999000999000999,1.0,0.9997182398171707,0.0010858706510880425,1.0
ACTA2->EGFR,1,2.5809956674083416,0.0,1.0,0.000999000999000999,1.0,0.10305628128564842,0.0010858706510880425,1.0
ACTA2->EGFR,2,2.6917094262108416,0.0,1.0,0.000999000999000999,1.0,0.6590387932577649,0.0011352284079556808,1.0
ACTA2->ERBB2,0,8.194891861487811,0.0,1.0,0.000999000999000999,1.0,5.082521177167072,0.0010858706510880425,1.0
ACTA2->ERBB2,1,7.817657481295446,0.0,1.0,0.000999000999000999,1.0,4.828910788065224,0.0010858706510880425,1.0
ACTA2->ERBB2,2,7.791719807525608,0.0,1.0,0.000999000999000999,1.0,4.429854108610129,0.0011352284079556808,1.0
KRT8->ERBB2,0,7.420828168267073,0.0,1.0,0.000999000999000999,1.0,6.0612339988375945,0.0010858706510880425,1.0
KRT8->ERBB2,1,7.1019677501233485,0.0,1.0,0.000999000999000999,1.0,6.588354902651819,0.0010858706510880425,1.0
KRT8->ERBB2,2,7.606041941742685,0.0,1.0,0.000999000999000999,1.0,6.163589128161371,0.0011352284079556808,1.0
CDH1->EGFR,0,1.37711132528312,0.0,1.0,0.000999000999000999,1.0,1.2404546152307194,0.0010858706510880425,1.0
CDH1->EGFR,1,1.0912410567365267,1.0,0.0,1.0,0.000999000999000999,1.1578283781481267,1.0,0.024975024975024976
CDH1->EGFR,2,1.6298252218651,0.497,0.503,0.4975024975024975,0.5034965034965035,1.6296320154197312,0.5182317682317682,1.0
CDH1->ERBB2,0,6.603684957633166,0.0,1.0,0.000999000999000999,1.0,5.325850923863758,0.0010858706510880425,1.0
CDH1->ERBB2,1,6.327902870623631,0.0,1.0,0.000999000999000999,1.0,5.883831233248529,0.0010858706510880425,1.0
CDH1->ERBB2,2,6.729835603179866,0.0,1.0,0.000999000999000999,1.0,5.402902325268087,0.0011352284079556808,1.0
CD3D->ERBB2,0,5.017425695787145,0.0,1.0,0.000999000999000999,1.0,3.651040322943686,0.0010858706510880425,1.0
CD3D->ERBB2,1,4.786617581536034,0.0,1.0,0.000999000999000999,1.0,3.566354986367587,0.0010858706510880425,1.0
CD3D->ERBB2,2,4.9083239721596,0.0,1.0,0.000999000999000999,1.0,3.3783034308369717,0.0011352284079556808,1.0
MS4A1->CD274,0,-0.5967631177577644,0.0,1.0,0.000999000999000999,1.0,-1.460131966350632,0.0010858706510880425,1.0
MS4A1->CD274,1,-0.9062387145593418,0.0,1.0,0.000999000999000999,1.0,-1.7716464444390598,0.0010858706510880425,1.0
MS4A1->CD274,2,-0.4380486391107614,0.0,1.0,0.000999000999000999,1.0,-1.3916468681173877,0.0011352284079556808,1.0
CD68->CD274,0,1.2825830777039195,0.0,1.0,0.000999000999000999,1.0,-0.5642803264753808,0.0010858706510880425,1.0
CD68->CD274,1,1.3918895860506337,0.0,1.0,0.000999000999000999,1.0,-0.8901030357048625,0.0010858706510880425,1.0
CD68->CD274,2,1.239454939404371,0.0,1.0,0.000999000999000999,1.0,-0.5271532167957771,0.0011352284079556808,1.0
