pair,region,control,s_type,r_type,testable,nL_adj,nR_adj,nl_adj,nr_adj,dL_min,dL_max,dR_min,dR_max,T_lo,T_hi,certified_pos,certified_neg,radius_um
CD274->PDCD1,0,True,Breast cancer,T cells,True,91,36,1944,2859,-70,156,-27,23,-1.960107994969218,-1.614981491378631,False,True,15.0
CD274->PDCD1,1,True,Breast cancer,T cells,True,41,21,1572,1668,-27,102,-17,7,-1.9676264522291937,-1.7112102302315189,False,True,15.0
CD274->PDCD1,2,True,Breast cancer,T cells,True,53,25,1377,2529,-41,131,-20,19,-1.969378245719879,-1.608954635653153,False,True,15.0
CXCL12->CXCR4,0,True,Fibroblasts,T cells,True,14686,12581,2840,3370,-10459,13551,-9252,11131,1.5648071063539635,6.2982474256301275,True,False,15.0
CXCL12->CXCR4,1,True,Fibroblasts,T cells,True,4760,5041,1157,1499,-3357,3830,-3877,4653,1.12841762058113,5.78682986310066,True,False,15.0
CXCL12->CXCR4,2,True,Fibroblasts,T cells,True,16149,13693,2973,3828,-12376,13615,-11007,12368,1.0880492227874674,6.263363300617614,True,False,15.0
CCL5->CCR7,0,True,Macrophages,T cells,True,701,1958,2271,3997,-530,3610,-1612,1652,-1.5672578750864934,1.7506991239733538,False,False,15.0
CCL5->CCR7,1,True,Macrophages,T cells,True,340,720,1082,1768,-297,1818,-607,574,-1.7161130899400339,1.6196101569655115,False,False,15.0
CCL5->CCR7,2,True,Macrophages,T cells,True,717,1697,1974,3840,-597,3688,-1422,1393,-1.6413521388606434,1.8334027991995132,False,False,15.0
PECAM1->KDR,0,True,Endothelial cells,Endothelial cells,True,6416,748,781,781,-4546,2480,-591,315,1.0207838805235572,4.467877124516598,True,False,15.0
PECAM1->KDR,1,True,Endothelial cells,Endothelial cells,True,2223,404,299,299,-1682,1053,-332,252,0.7746571444168591,4.947836300088666,True,False,15.0
PECAM1->KDR,2,True,Endothelial cells,Endothelial cells,True,2028,372,282,282,-1543,1029,-294,164,0.7857032017362047,4.766863542257742,True,False,15.0
CD163->CD3D,0,True,Macrophages,T cells,True,3859,2868,2271,3997,-2715,1841,-2329,1327,-0.6501200473026686,2.221556511714394,False,False,15.0
CD163->CD3D,1,True,Macrophages,T cells,True,1840,1027,1082,1768,-1311,929,-854,653,-0.7582326005470544,2.149408705095074,False,False,15.0
CD163->CD3D,2,True,Macrophages,T cells,True,3541,2639,1974,3840,-2567,1667,-2134,1576,-0.672654017910915,2.325939325513315,False,False,15.0
ERBB2->EGFR,0,False,Breast cancer,Breast cancer,True,357274,4197,19913,19913,-273607,101070,-3245,3113,1.3649022591130209,4.349917170452708,True,False,15.0
ERBB2->EGFR,1,False,Breast cancer,Breast cancer,True,406039,2485,21428,21428,-301999,173734,-1854,1746,1.5035347443430334,4.264501887556323,True,False,15.0
ERBB2->EGFR,2,False,Breast cancer,Breast cancer,True,180832,2018,10281,10281,-133741,80558,-1495,1820,1.4847247490336226,4.500813879737517,True,False,15.0
ERBB2->PDCD1,0,False,Breast cancer,T cells,True,12272,36,1944,2859,-9389,19101,-27,23,-0.0032427576951952197,3.1147911903026255,False,False,15.0
ERBB2->PDCD1,1,False,Breast cancer,T cells,True,11904,21,1572,1668,-8907,19542,-17,7,0.2738324190454575,3.4054610735344264,True,False,15.0
ERBB2->PDCD1,2,False,Breast cancer,T cells,True,7715,25,1377,2529,-5781,11762,-20,19,-0.06489242868606715,2.921635600354503,False,False,15.0
ESR1->PGR,0,False,Breast cancer,Breast cancer,True,13522,794,19913,19913,-9692,4269,-624,673,-1.506029305432286,-0.3230586413058521,False,True,15.0
ESR1->PGR,1,False,Breast cancer,Breast cancer,True,4704,249,21428,21428,-3360,2156,-182,152,-1.820512765259819,-1.2330438549244036,False,True,15.0
ESR1->PGR,2,False,Breast cancer,Breast cancer,True,3846,177,10281,10281,-2519,1426,-133,151,-1.6564043759067506,-0.892427636126786,False,True,15.0
PGR->ESR1,0,False,Breast cancer,Breast cancer,True,794,13522,19913,19913,-624,673,-9692,4269,-1.506029305432286,-0.3230586413058521,False,True,15.0
PGR->ESR1,1,False,Breast cancer,Breast cancer,True,249,4704,21428,21428,-182,152,-3360,2156,-1.820512765259819,-1.2330438549244036,False,True,15.0
PGR->ESR1,2,False,Breast cancer,Breast cancer,True,177,3846,10281,10281,-133,151,-2519,1426,-1.6564043759067506,-0.892427636126786,False,True,15.0
CD274->CTLA4,0,False,Breast cancer,T cells,True,91,1350,1944,2859,-70,156,-988,733,-1.6435051724977687,-0.37634248762101613,False,True,15.0
CD274->CTLA4,1,False,Breast cancer,T cells,True,41,836,1572,1668,-27,102,-634,444,-1.6616245982419913,-0.4169946279379339,False,True,15.0
CD274->CTLA4,2,False,Breast cancer,T cells,True,53,1266,1377,2529,-41,131,-1007,737,-1.7062491406808988,-0.2886813240183926,False,True,15.0
CD274->CD8A,0,False,Breast cancer,T cells,True,91,3855,1944,2859,-70,156,-3093,2477,-1.3527545371838505,0.7674947839726018,False,False,15.0
CD274->CD8A,1,False,Breast cancer,T cells,True,41,2388,1572,1668,-27,102,-1890,1467,-1.2990545188572833,0.7323102744002037,False,False,15.0
CD274->CD8A,2,False,Breast cancer,T cells,True,53,3113,1377,2529,-41,131,-2490,2454,-1.3971619962675808,0.7753338274020828,False,False,15.0
CXCL12->CCR7,0,False,Fibroblasts,T cells,True,14686,1456,2840,3370,-10459,13551,-1103,1304,0.2659991616858379,3.783844659916053,True,False,15.0
CXCL12->CCR7,1,False,Fibroblasts,T cells,True,4760,624,1157,1499,-3357,3830,-499,515,-0.0012659911657131317,3.3195372590085372,False,False,15.0
CXCL12->CCR7,2,False,Fibroblasts,T cells,True,16149,1619,2973,3828,-12376,13615,-1282,1275,0.05698141840988524,3.722733970577681,True,False,15.0
CCL5->CXCR4,0,False,Macrophages,T cells,True,701,14742,2271,3997,-530,3610,-11866,11686,-0.5112839115937796,4.092248725716749,False,False,15.0
CCL5->CXCR4,1,False,Macrophages,T cells,True,340,5680,1082,1768,-297,1818,-4670,5325,-0.7903421688698449,4.068161670937744,False,False,15.0
CCL5->CXCR4,2,False,Macrophages,T cells,True,717,13529,1974,3840,-597,3688,-11275,12447,-0.7141424781235289,4.3105785598936475,False,False,15.0
PECAM1->PDCD1,0,False,Endothelial cells,T cells,True,3596,6,458,732,-2620,2348,-5,5,0.3995500575795502,2.795273162910668,True,False,15.0
PECAM1->PDCD1,1,False,Endothelial cells,T cells,True,1412,7,214,366,-1112,1070,-6,2,-0.06471988436192955,2.665974925936078,False,False,15.0
PECAM1->PDCD1,2,False,Endothelial cells,T cells,True,2296,13,327,708,-1805,1651,-10,9,0.013277270393260543,2.7389346543362634,True,False,15.0
PECAM1->CTLA4,0,False,Endothelial cells,T cells,True,3596,329,458,732,-2620,2348,-241,233,0.7064622920272526,4.094833444769576,True,False,15.0
PECAM1->CTLA4,1,False,Endothelial cells,T cells,True,1412,149,214,366,-1112,1070,-103,121,0.2509219476780016,3.904379665261157,True,False,15.0
PECAM1->CTLA4,2,False,Endothelial cells,T cells,True,2296,268,327,708,-1805,1651,-216,252,0.19883292354933702,3.9558352721592245,True,False,15.0
CD163->CCR7,0,False,Macrophages,T cells,True,3859,1958,2271,3997,-2715,1841,-1612,1652,-0.7642475905417491,2.078416564396386,False,False,15.0
CD163->CCR7,1,False,Macrophages,T cells,True,1840,720,1082,1768,-1311,929,-607,574,-0.8425425675315416,1.9140163971932402,False,False,15.0
CD163->CCR7,2,False,Macrophages,T cells,True,3541,1697,1974,3840,-2567,1667,-1422,1393,-0.8164178254500467,2.0336865850456185,False,False,15.0
CD163->CXCR4,0,False,Macrophages,T cells,True,3859,14742,2271,3997,-2715,1841,-11866,11686,0.2917263729509647,4.41996616613978,True,False,15.0
CD163->CXCR4,1,False,Macrophages,T cells,True,1840,5680,1082,1768,-1311,929,-4670,5325,0.08322835353864753,4.362567911165473,True,False,15.0
CD163->CXCR4,2,False,Macrophages,T cells,True,3541,13529,1974,3840,-2567,1667,-11275,12447,0.11079183528706768,4.510862345739753,True,False,15.0
ACTA2->EGFR,0,False,Smooth muscle cells,Breast cancer,True,364,16,47,76,-293,481,-14,44,0.08165415398721199,4.574575517704378,True,False,15.0
ACTA2->EGFR,1,False,Smooth muscle cells,Breast cancer,True,242,14,44,83,-197,479,-12,21,-0.3254383636777214,3.960135193247026,False,False,15.0
ACTA2->EGFR,2,False,Smooth muscle cells,Breast cancer,True,172,8,29,55,-164,366,-8,28,-1.3661278987978975,4.459174632398728,False,False,15.0
ACTA2->ERBB2,0,False,Smooth muscle cells,Breast cancer,True,364,214,47,76,-293,481,-157,380,1.3295816674307976,7.263646421766273,True,False,15.0
ACTA2->ERBB2,1,False,Smooth muscle cells,Breast cancer,True,242,324,44,83,-197,479,-247,628,1.1203613893718094,7.659123507804044,True,False,15.0
ACTA2->ERBB2,2,False,Smooth muscle cells,Breast cancer,True,172,136,29,55,-164,366,-111,294,-0.4332420946564343,7.308117878797967,False,False,15.0
KRT8->ERBB2,0,False,Breast glandular cells,Breast cancer,True,33017,183392,7075,11213,-27305,47202,-144179,155653,2.385599468560147,8.507293174626714,True,False,15.0
KRT8->ERBB2,1,False,Breast glandular cells,Breast cancer,True,57277,286042,13151,16487,-45968,64315,-217300,239448,2.666795115479703,8.301504819417774,True,False,15.0
KRT8->ERBB2,2,False,Breast glandular cells,Breast cancer,True,36633,125887,6159,7704,-28597,39789,-94837,109330,3.03143491389292,8.645889602491884,True,False,15.0
CDH1->EGFR,0,False,Breast glandular cells,Breast cancer,True,17529,2523,7075,11213,-14322,23329,-2020,3595,-0.9450647520153268,2.71396547833108,False,False,15.0
CDH1->EGFR,1,False,Breast glandular cells,Breast cancer,True,32909,1871,13151,16487,-26454,35600,-1400,2046,-0.9331191739838376,2.0742162523171848,False,False,15.0
CDH1->EGFR,2,False,Breast glandular cells,Breast cancer,True,20100,1416,6159,7704,-15842,21085,-1088,2184,-0.6295122908201951,2.797402063102134,False,False,15.0
CDH1->ERBB2,0,False,Breast glandular cells,Breast cancer,True,17529,183392,7075,11213,-14322,23329,-144179,155653,1.9299355822458977,7.5915054682255985,True,False,15.0
CDH1->ERBB2,1,False,Breast glandular cells,Breast cancer,True,32909,286042,13151,16487,-26454,35600,-217300,239448,2.2099777736123976,7.53006136380902,True,False,15.0
CDH1->ERBB2,2,False,Breast glandular cells,Breast cancer,True,20100,125887,6159,7704,-15842,21085,-94837,109330,2.4322225717606645,7.801057646974803,True,False,15.0
CD3D->ERBB2,0,False,T cells,Breast cancer,True,1975,12272,2859,1944,-1545,1272,-9389,19101,0.3671067691775052,4.766361156285876,True,False,15.0
CD3D->ERBB2,1,False,T cells,Breast cancer,True,970,11904,1668,1572,-770,587,-8907,19542,0.5770464556610407,4.8773154291569565,True,False,15.0
CD3D->ERBB2,2,False,T cells,Breast cancer,True,1801,7715,2529,1377,-1463,1247,-5781,11762,0.2711715331725306,4.642246132746724,True,False,15.0
MS4A1->CD274,0,False,B cells,Breast cancer,True,532,41,657,752,-423,517,-34,75,-1.5599986233553187,0.456012696797793,False,False,15.0
MS4A1->CD274,1,False,B cells,Breast cancer,True,115,20,416,661,-92,105,-12,28,-1.8141851146577295,-0.7633297032619053,False,True,15.0
MS4A1->CD274,2,False,B cells,Breast cancer,True,544,14,452,428,-439,561,-12,55,-1.4360710398456487,0.9613071499274396,False,False,15.0
CD68->CD274,0,False,Macrophages,Breast cancer,True,4248,59,1614,2141,-3124,3170,-48,166,-0.7265435447506607,1.6245993200267708,False,False,15.0
CD68->CD274,1,False,Macrophages,Breast cancer,True,3671,44,1074,1530,-2592,2506,-28,87,-0.38070399467165283,1.8722175281897273,False,False,15.0
CD68->CD274,2,False,Macrophages,Breast cancer,True,3265,50,1045,1183,-2388,2373,-39,100,-0.5520083826177947,1.885613029846809,False,False,15.0
