pair,control,region,nL,nR,nl_cells,nr_cells,dL_min,dL_max,dR_min,dR_max,T0,T_lo,T_hi,width,certified_pos,certified_neg,p_pos_raw,p_neg_raw,q_pos,q_neg,certified_pos_matched,certified_neg_matched
CD274->PDCD1,True,0,16,6,23621,8415,-9,66,-3,5,-1.995991011523559,-1.9981168851128264,-1.9862511876024715,0.011865697510355,False,True,0.8286852589641435,0.00796812749003984,0.9416877942774357,0.06640106241699867,False,True
CD274->PDCD1,True,1,8,0,24409,3869,-5,31,0,4,-1.9990546290911988,-1.9996454133094828,-1.992417150570199,0.0072282627392836,False,True,0.9960159362549801,0.00398406374501992,0.9960159362549801,0.0249003984063745,False,True
CD274->PDCD1,True,2,5,3,12429,7722,-1,52,-3,7,-1.9977191777201655,-1.999071699451032,-1.983096023584616,0.0159756758664157,False,True,0.9760956175298805,0.00398406374501992,1.0,0.06640106241699867,False,True
CXCL12->CXCR4,True,0,4101,1164,15566,8415,-1953,1209,-878,598,-1.0370160041255194,-1.5535110296092844,-0.7449557361164034,0.808555293492881,False,True,0.00398406374501992,1.0,0.005242189138184105,1.0,False,False
CXCL12->CXCR4,True,1,831,464,4770,3869,-427,361,-332,382,-1.2585501489556736,-1.679012696933238,-0.8918555395361676,0.7871571573970704,False,True,0.00398406374501992,1.0,0.005533421868083223,1.0,False,False
CXCL12->CXCR4,True,2,3822,1015,11879,7722,-1897,928,-819,583,-0.9465150588359972,-1.523547692098341,-0.6525568764863258,0.8709908156120153,False,True,0.00398406374501992,1.0,0.005533421868083223,1.0,False,False
CCL5->CCR7,True,0,56,164,4759,8415,-37,392,-129,121,-1.911275343871793,-1.9765746267462891,-1.656576198103317,0.3199984286429727,False,True,0.08366533864541832,0.9721115537848606,0.099601593625498,1.0,False,False
CCL5->CCR7,True,1,16,53,2167,3869,-15,208,-41,64,-1.9398574176228416,-1.9897474845173324,-1.644169781510051,0.3455777030072811,False,True,0.5537848605577689,1.0,0.6592676911402011,1.0,False,False
CCL5->CCR7,True,2,39,130,3190,7722,-32,358,-105,90,-1.9173727159371348,-1.984370929600035,-1.5993906202679082,0.3849803093321267,False,True,0.8286852589641435,0.41434262948207173,0.9865300701954088,1.0,False,False
PECAM1->KDR,True,0,402,62,1322,1322,-258,322,-49,141,-1.185235204533161,-1.6875631688315456,-0.5464551599153642,1.1411080089161814,False,True,0.00398406374501992,1.0,0.005242189138184105,1.0,False,False
PECAM1->KDR,True,1,157,45,568,568,-113,180,-39,111,-1.1529156197166022,-1.762033144376346,-0.239685067264223,1.522348077112123,False,True,0.00398406374501992,1.0,0.005533421868083223,1.0,False,False
PECAM1->KDR,True,2,167,35,570,570,-125,187,-29,103,-1.167529160801658,-1.7716140496978414,-0.2654502440372637,1.5061638056605775,False,True,0.00398406374501992,1.0,0.005533421868083223,1.0,False,False
CD163->CD3D,True,0,403,213,4759,8415,-198,260,-164,119,-1.7030304773033254,-1.8640688933366716,-1.5358310614674089,0.3282378318692625,False,True,0.00398406374501992,1.0,0.005242189138184105,1.0,False,False
CD163->CD3D,True,1,170,93,2167,3869,-99,140,-64,80,-1.7219959715983153,-1.8869641110963775,-1.513414248603636,0.3735498624927418,False,True,0.00398406374501992,1.0,0.005533421868083223,1.0,False,False
CD163->CD3D,True,2,284,185,3190,7722,-155,230,-141,121,-1.6960695916157515,-1.8714486554756495,-1.4869627830978491,0.3844858723778004,False,True,0.00398406374501992,1.0,0.005533421868083223,1.0,False,False
ERBB2->EGFR,False,0,14735,187,23621,23621,-10764,4583,-134,311,-0.808938956875947,-1.57537604825754,-0.5422490712093555,1.0331269770481843,False,True,0.0199203187250996,0.00398406374501992,0.0249003984063745,0.049800796812749,False,True
ERBB2->EGFR,False,1,16902,73,24409,24409,-12200,6888,-51,150,-0.7374681914182482,-1.5272368879202465,-0.4135138013153289,1.1137230866049177,False,True,0.00398406374501992,0.01593625498007968,0.005533421868083223,0.0796812749003984,False,True
ERBB2->EGFR,False,2,7806,78,12429,12429,-5547,3474,-56,219,-0.8081774360508386,-1.547582042568898,-0.4394571915274599,1.108124851041438,False,True,0.00398406374501992,1.0,0.005533421868083223,1.0,False,False
ERBB2->PDCD1,False,0,14735,6,23621,8415,-10764,4583,-3,5,-0.8295468734740521,-1.580807412663714,-0.5980671540751952,0.9827402585885188,False,True,0.00398406374501992,0.00398406374501992,0.005242189138184105,0.049800796812749,False,True
ERBB2->PDCD1,False,1,16902,0,24409,3869,-12200,6888,0,4,-0.7460718226666117,-1.5298351687502252,-0.4366567070030264,1.093178461747199,False,True,0.00398406374501992,0.5697211155378487,0.005533421868083223,1.0,False,False
ERBB2->PDCD1,False,2,7806,3,12429,7722,-5547,3474,-3,7,-0.825051886504902,-1.5526803196438226,-0.5030770404506806,1.049603279193142,False,True,0.00398406374501992,1.0,0.005533421868083223,1.0,False,False
ESR1->PGR,False,0,423,39,23621,23621,-294,237,-26,83,-1.9444766835615095,-1.982740498435859,-1.906724438619946,0.0760160598159129,False,True,0.9482071713147411,0.05976095617529881,0.9877158034528554,0.29880478087649404,False,False
ESR1->PGR,False,1,153,7,24409,24409,-106,115,-5,28,-1.9811990513895037,-1.994218395526072,-1.964531090017509,0.0296873055085629,False,True,0.9721115537848606,0.00398406374501992,0.9960159362549801,0.0249003984063745,False,True
ESR1->PGR,False,2,135,7,12429,12429,-85,115,-5,48,-1.967371197477322,-1.9879747304162247,-1.9303874627101725,0.0575872677060522,False,True,0.9362549800796812,0.00796812749003984,1.0,0.06640106241699867,False,True
PGR->ESR1,False,0,39,423,23621,23621,-26,83,-294,237,-1.9444766835615095,-1.982740498435859,-1.906724438619946,0.0760160598159129,False,True,0.9482071713147411,0.05976095617529881,0.9877158034528554,0.29880478087649404,False,False
PGR->ESR1,False,1,7,153,24409,24409,-5,28,-106,115,-1.9811990513895037,-1.994218395526072,-1.964531090017509,0.0296873055085629,False,True,0.9721115537848606,0.00398406374501992,0.9960159362549801,0.0249003984063745,False,True
PGR->ESR1,False,2,7,135,12429,12429,-5,48,-85,115,-1.967371197477322,-1.9879747304162247,-1.9303874627101725,0.0575872677060522,False,True,0.9362549800796812,0.00796812749003984,1.0,0.06640106241699867,False,True
CD274->CTLA4,False,0,16,159,23621,8415,-9,66,-101,91,-1.944532796527192,-1.9793935861617749,-1.906746491230345,0.0726470949314297,False,True,0.00398406374501992,1.0,0.005242189138184105,1.0,False,False
CD274->CTLA4,False,1,8,62,24409,3869,-5,31,-42,49,-1.9535422859013671,-1.984806557463408,-1.9149043484333328,0.0699022090300749,False,True,0.00398406374501992,1.0,0.005533421868083223,1.0,False,False
CD274->CTLA4,False,2,5,158,12429,7722,-1,52,-118,69,-1.9409776944971937,-1.984202255368328,-1.904407134939306,0.0797951204290217,False,True,0.00398406374501992,1.0,0.005533421868083223,1.0,False,False
CD274->CD8A,False,0,16,388,23621,8415,-9,66,-273,276,-1.870788298420623,-1.960242485816863,-1.7786152232702648,0.1816272625465982,False,True,0.00398406374501992,1.0,0.005242189138184105,1.0,False,False
CD274->CD8A,False,1,8,148,24409,3869,-5,31,-94,175,-1.892698862281505,-1.959925579947488,-1.772631897953159,0.1872936819943287,False,True,0.00398406374501992,1.0,0.005533421868083223,1.0,False,False
CD274->CD8A,False,2,5,345,12429,7722,-1,52,-259,254,-1.87536542182416,-1.9672897344997864,-1.7787586210692603,0.1885311134305261,False,True,0.00398406374501992,1.0,0.005533421868083223,1.0,False,False
CXCL12->CCR7,False,0,4101,164,15566,8415,-1953,1209,-129,121,-1.3342126245016388,-1.6364359719622394,-1.1550473300807618,0.4813886418814777,False,True,0.00398406374501992,1.0,0.005242189138184105,1.0,False,False
CXCL12->CCR7,False,1,831,53,4770,3869,-427,361,-41,64,-1.5297277280980817,-1.7653197159604948,-1.33052072244833,0.4347989935121648,False,True,0.00398406374501992,1.0,0.005533421868083223,1.0,False,False
CXCL12->CCR7,False,2,3822,130,11879,7722,-1897,928,-105,90,-1.2354629059449376,-1.5856750937192694,-1.0722708629746427,0.5134042307446267,False,True,0.00398406374501992,1.0,0.005533421868083223,1.0,False,False
CCL5->CXCR4,False,0,56,1164,4759,8415,-37,392,-878,598,-1.6140787234956746,-1.8936496843933344,-1.246484604138958,0.6471650802543762,False,True,0.00398406374501992,1.0,0.005242189138184105,1.0,False,False
CCL5->CXCR4,False,1,16,464,2167,3869,-15,208,-332,382,-1.6686798384804336,-1.903440465490076,-1.2055045985978892,0.6979358668921865,False,True,0.00398406374501992,1.0,0.005533421868083223,1.0,False,False
CCL5->CXCR4,False,2,39,1015,3190,7722,-32,358,-819,583,-1.628424868828194,-1.9222435279791064,-1.1796766337795912,0.7425668941995154,False,True,0.00398406374501992,1.0,0.005533421868083223,1.0,False,False
PECAM1->PDCD1,False,0,402,6,1322,8415,-258,322,-3,5,-1.3125247263463438,-1.7146331954893432,-0.9290693706482216,0.7855638248411216,False,True,0.00398406374501992,1.0,0.005242189138184105,1.0,False,False
PECAM1->PDCD1,False,1,157,0,568,3869,-113,180,0,4,-1.3651122739471615,-1.7921951148865984,-0.8683176549762366,0.923877459910362,False,True,0.00398406374501992,1.0,0.005533421868083223,1.0,False,False
PECAM1->PDCD1,False,2,167,3,570,7722,-125,187,-3,7,-1.3335186067430012,-1.8016712835540212,-0.8314142347546564,0.970257048799365,False,True,0.00398406374501992,1.0,0.005533421868083223,1.0,False,False
PECAM1->CTLA4,False,0,402,159,1322,8415,-258,322,-101,91,-1.2610665113499764,-1.6959098965382915,-0.8495646742760952,0.8463452222621963,False,True,0.00398406374501992,1.0,0.005242189138184105,1.0,False,False
PECAM1->CTLA4,False,1,157,62,568,3869,-113,180,-42,49,-1.3195999307573298,-1.777356259040524,-0.7908048528393707,0.9865514062011532,False,True,0.00398406374501992,1.0,0.005533421868083223,1.0,False,False
PECAM1->CTLA4,False,2,167,158,570,7722,-125,187,-118,69,-1.276777123520029,-1.7868018394713174,-0.7527253461093462,1.0340764933619713,False,True,0.00398406374501992,1.0,0.005533421868083223,1.0,False,False
CD163->CCR7,False,0,403,164,4759,8415,-198,260,-129,121,-1.7191116394829202,-1.8688218640016732,-1.5508459593794086,0.3179759046222647,False,True,0.00398406374501992,1.0,0.005242189138184105,1.0,False,False
CD163->CCR7,False,1,170,53,2167,3869,-99,140,-41,64,-1.7507430256438703,-1.8995093644154912,-1.5522677255405457,0.3472416388749455,False,True,0.00398406374501992,1.0,0.005533421868083223,1.0,False,False
CD163->CCR7,False,2,284,130,3190,7722,-155,230,-105,90,-1.7158156326627627,-1.878485302919647,-1.5170491725422977,0.3614361303773494,False,True,0.00398406374501992,1.0,0.005533421868083223,1.0,False,False
CD163->CXCR4,False,0,403,1164,4759,8415,-198,260,-878,598,-1.4219150191068008,-1.7858969216487184,-1.14075436541505,0.6451425562336683,False,True,0.00398406374501992,1.0,0.005242189138184105,1.0,False,False
CD163->CXCR4,False,1,170,464,2167,3869,-99,140,-332,382,-1.4795654465014625,-1.8132023453882344,-1.1136025426283835,0.6995998027598509,False,True,0.00398406374501992,1.0,0.005533421868083223,1.0,False,False
CD163->CXCR4,False,2,284,1015,3190,7722,-155,230,-819,583,-1.426867785553822,-1.8163579012987188,-1.0973351860539808,0.7190227152447379,False,True,0.00398406374501992,1.0,0.005533421868083223,1.0,False,False
ACTA2->EGFR,False,0,32,187,86,23621,-22,83,-134,311,-1.1747822939778687,-1.6918846427163556,-0.062899093736236,1.6289855489801195,False,True,0.00398406374501992,1.0,0.005242189138184105,1.0,False,False
ACTA2->EGFR,False,1,11,73,55,24409,-10,46,-51,150,-1.505969541581395,-1.945871418529939,-0.3543573652468136,1.5915140532831256,False,True,0.20318725099601595,0.9681274900398407,0.2539840637450199,1.0,False,False
ACTA2->EGFR,False,2,1,78,39,12429,-1,41,-56,219,-1.909855223896186,-1.9949017229250752,-0.2755361112493347,1.7193656116757403,False,True,1.0,0.5936254980079682,1.0,1.0,False,False
ACTA2->ERBB2,False,0,32,14735,86,23621,-22,83,-10764,4583,-0.0290487913105123,-1.2801800058189818,1.2756820094768904,2.5558620152958724,False,False,0.00398406374501992,1.0,0.005242189138184105,1.0,False,False
ACTA2->ERBB2,False,1,11,16902,55,24409,-10,46,-12200,6888,-0.2606449954963699,-1.4783048681101432,1.1798830094465342,2.6581878775566774,False,False,0.02390438247011952,0.9681274900398407,0.03145313482910463,1.0,False,False
ACTA2->ERBB2,False,2,1,7806,39,12429,-1,41,-5547,3474,-0.7540226406429817,-1.5526803196438226,1.150303492675858,2.7029838123196805,False,False,0.05976095617529881,0.900398406374502,0.07863283707276159,1.0,False,False
KRT8->ERBB2,False,0,1487,14735,8990,23621,-1184,1856,-10764,4583,-0.4192959323867528,-1.487723663788458,0.2003304732022853,1.6880541369907434,False,False,0.00398406374501992,1.0,0.005242189138184105,1.0,False,False
KRT8->ERBB2,False,1,2651,16902,15369,24409,-2062,2251,-12200,6888,-0.3184869366507731,-1.42328878876658,0.2722171494317936,1.6955059381983737,False,False,0.00398406374501992,0.9482071713147411,0.005533421868083223,1.0,False,False
KRT8->ERBB2,False,2,1706,7806,7784,12429,-1331,1562,-5547,3474,-0.3017726496070136,-1.4199699192238229,0.3726390835693736,1.7926090027931965,False,False,0.00398406374501992,1.0,0.005533421868083223,1.0,False,False
CDH1->EGFR,False,0,618,187,8990,23621,-485,1114,-134,311,-1.7914873194865182,-1.9514725938717763,-1.4701989237357782,0.4812736701359983,False,True,1.0,1.0,1.0,1.0,False,False
CDH1->EGFR,False,1,1118,73,15369,24409,-870,1390,-51,150,-1.795434439176863,-1.9515774955407408,-1.5663924288041486,0.3851850667365926,False,True,0.896414342629482,0.00398406374501992,0.9960159362549801,0.0249003984063745,False,True
CDH1->EGFR,False,2,781,78,7784,12429,-588,842,-56,219,-1.7181676825683334,-1.925077354673141,-1.4297992220286928,0.4952781326444482,False,True,0.3107569721115538,1.0,0.3884462151394422,1.0,False,False
CDH1->ERBB2,False,0,618,14735,8990,23621,-485,1114,-10764,4583,-0.6457538168191618,-1.5397679569744027,-0.1316178205226517,1.408150136451751,False,True,0.00398406374501992,1.0,0.005242189138184105,1.0,False,False
CDH1->ERBB2,False,1,1118,16902,15369,24409,-870,1390,-12200,6888,-0.550109893091838,-1.4840109451209451,-0.0321520541108006,1.4518588910101444,False,True,0.00398406374501992,0.0398406374501992,0.005533421868083223,0.16600265604249667,False,False
CDH1->ERBB2,False,2,781,7806,7784,12429,-588,842,-5547,3474,-0.5623350993151291,-1.4828559513918886,-0.0039596181035003,1.4788963332883882,False,True,0.00398406374501992,1.0,0.005533421868083223,1.0,False,False
CD3D->ERBB2,False,0,213,14735,8415,23621,-164,119,-10764,4583,-0.7603564374764504,-1.5651313468023669,-0.4922638539061222,1.0728674928962445,False,True,0.00398406374501992,0.6294820717131474,0.005242189138184105,1.0,False,False
CD3D->ERBB2,False,1,93,16902,3869,24409,-64,80,-12200,6888,-0.6783306370051925,-1.5083682995270449,-0.3160648109247622,1.1923034886022823,False,True,0.00398406374501992,1.0,0.005533421868083223,1.0,False,False
CD3D->ERBB2,False,2,185,7806,7722,12429,-141,121,-5547,3474,-0.7586506607823923,-1.536332325556339,-0.3967742480404429,1.139558077515896,False,True,0.00398406374501992,1.0,0.005533421868083223,1.0,False,False
MS4A1->CD274,False,0,54,16,2172,23621,-42,146,-9,66,-1.92803714390606,-1.983291226928359,-1.7461514780018053,0.2371397489265534,False,True,0.00398406374501992,1.0,0.005242189138184105,1.0,False,False
MS4A1->CD274,False,1,14,8,991,24409,-10,53,-5,31,-1.958857540111873,-1.9880457927035524,-1.812429117960252,0.1756166747433003,False,True,0.00398406374501992,1.0,0.005533421868083223,1.0,False,False
MS4A1->CD274,False,2,66,5,1695,12429,-46,135,-1,52,-1.8906483570102988,-1.965421310009115,-1.6797861888621832,0.2856351211469317,False,True,0.00398406374501992,1.0,0.005533421868083223,1.0,False,False
CD68->CD274,False,0,644,16,4759,23621,-387,451,-9,66,-1.652485740662743,-1.851179635909856,-1.4438710911433137,0.4073085447665419,False,True,0.00398406374501992,1.0,0.005242189138184105,1.0,False,False
CD68->CD274,False,1,280,8,2167,24409,-172,267,-5,31,-1.6674390822696088,-1.862565615212885,-1.4057818692233714,0.4567837459895136,False,True,0.00398406374501992,1.0,0.005533421868083223,1.0,False,False
CD68->CD274,False,2,388,5,3190,12429,-247,368,-1,52,-1.684711464037465,-1.8768611756587843,-1.4271096619342798,0.4497515137245045,False,True,0.00398406374501992,1.0,0.005533421868083223,1.0,False,False
